frame,track_id,class,x1,y1,x2,y2,speed_kmh
0,1,0,296.73413,243.86404,439.28387,359.1683,
0,2,0,0.0,149.08955,57.104607,357.62103,
0,3,0,95.9648,204.56444,170.98393,358.42896,
0,4,0,459.19873,243.18857,515.0924,358.54178,
1,1,0,296.76126,243.83856,439.26938,359.1725,0.055724148
1,2,0,0.0,149.08559,56.94399,357.59668,0.36696476
1,3,0,96.04125,204.57266,170.948,358.42966,0.093364805
1,4,0,459.1167,243.18921,515.00146,358.5456,0.38931972
2,1,0,294.3686,245.08447,436.4798,359.555,12.222175
2,3,0,101.76562,205.9075,172.74908,358.21402,17.118498
2,2,0,0.04018402,149.21545,89.26408,357.7365,72.81314
2,4,0,459.2508,243.26224,515.362,358.7158,1.2401893
3,2,0,0.12748718,152.7341,116.946014,357.03995,62.80261
3,1,0,303.13336,242.03574,434.83502,359.35538,17.608479
3,3,0,106.198616,204.29062,171.05426,358.78677,6.5935826
3,4,0,460.6548,243.8457,514.7179,358.49164,1.8912528
4,1,0,291.34363,242.03589,432.26782,359.33832,32.30312
4,4,0,460.83557,243.9947,513.86584,358.34528,1.5103569
4,3,0,111.60687,203.75594,175.8743,357.2552,23.478584
5,1,0,288.7771,244.02429,430.70355,359.13538,10.125342
5,2,0,4.411663,156.27043,124.936905,355.6905,28.053795
5,4,0,461.1256,243.75586,515.20667,358.511,3.67312
5,5,0,217.56387,219.53151,261.66336,271.56873,
5,3,0,115.91153,203.5763,177.73633,357.5183,13.876318
6,1,0,286.92157,244.7539,427.29956,359.38342,12.036635
6,2,0,18.376038,157.29471,130.79489,355.74893,44.666782
6,3,0,124.864944,202.23701,199.2589,357.59247,68.63002
6,4,0,461.78497,243.92459,514.3912,359.52505,2.6843853
6,5,0,219.69931,220.03609,264.07974,270.5727,10.301113
7,2,0,44.233734,159.92235,151.6583,356.87378,105.46099
7,1,0,281.81775,249.71234,415.69214,359.07208,39.027035
7,4,0,463.2245,244.64954,514.8585,358.81458,4.2905593
7,3,0,138.82957,203.23401,198.15614,350.039,32.48232
8,2,0,56.822372,160.88136,160.85098,356.95715,49.06407
8,1,0,280.54504,249.24835,404.57587,359.0298,27.898464
8,4,0,465.6449,245.1576,517.0963,359.19666,10.6706
9,2,0,66.4559,159.9979,175.65845,356.80148,55.041916
9,4,0,467.0291,244.83347,517.84503,358.85562,5.0270505
9,1,0,276.83167,253.53717,403.0719,358.9469,15.078453
10,2,0,73.638985,159.20398,184.99707,357.1372,37.18811
10,4,0,467.00037,244.75153,518.2411,358.28284,1.6891192
10,1,0,273.21405,253.90625,400.65784,358.62122,13.571627
11,2,0,87.6917,159.78769,190.552,357.96487,44.23139
11,4,0,466.39252,244.37823,519.03534,357.93585,1.6740102
11,1,0,264.76257,254.12415,392.58496,359.25488,37.22913
12,2,0,103.71829,161.72842,201.21442,357.69717,60.168106
12,4,0,467.33978,243.84996,525.3389,357.0592,16.617838
12,1,0,230.92651,254.45734,365.4812,359.7885,137.12846
13,2,0,113.74698,163.18634,212.9942,357.1502,49.111843
13,4,0,466.95135,243.87,527.7685,357.2047,4.6076365
13,1,0,232.65695,251.57245,357.49582,358.92334,16.409163
14,2,0,122.99402,164.32776,218.18628,357.4618,32.652092
14,4,0,467.0304,244.07578,529.6091,357.5897,4.519042
14,1,0,232.04805,249.43304,351.64313,359.13623,15.171049
15,2,0,130.92532,164.65436,220.09671,357.552,22.163754
15,4,0,465.6938,243.99718,530.6162,357.74512,0.76119834
15,6,0,94.7935,176.9854,129.98804,311.9372,
15,1,0,222.45953,247.21338,345.05737,358.96387,36.7879
16,2,0,136.11642,166.3476,223.34616,357.4035,19.30667
16,4,0,465.89307,244.48297,530.1985,357.73334,1.1743044
16,1,0,207.1708,246.96472,328.2429,358.9862,72.23402
16,6,0,94.699326,176.77808,129.38284,311.57233,2.0331564
17,4,0,465.90448,244.98767,530.7341,358.3694,2.846503
17,2,0,152.65051,169.64182,234.1153,350.81882,61.876762
17,1,0,187.7875,246.30743,296.25766,358.03912,115.63554
17,6,0,94.626434,183.83742,129.56744,310.0138,12.379336
18,4,0,465.02972,244.38934,528.7941,358.43365,6.4460583
18,7,0,423.8479,240.02681,469.20172,358.12433,
18,1,0,172.90042,246.6665,290.31125,358.6112,46.92216
18,6,0,94.5099,184.74098,129.71391,310.74524,3.6793885
18,8,0,389.15698,238.80669,435.68286,358.8758,
18,2,0,159.02536,170.72522,237.98236,293.27612,129.10664
19,4,0,463.0467,244.71155,530.88165,358.2915,0.4683998
19,8,0,388.61566,237.70753,436.08368,358.1936,4.020535
19,2,0,159.02663,171.79224,242.82866,273.29736,43.92706
19,7,0,424.54254,240.43723,470.45746,358.184,4.51402
19,1,0,143.69217,249.19159,279.4491,358.87433,90.37641
19,6,0,94.741394,184.79596,129.84453,308.49707,5.0014534
20,4,0,463.17902,245.30939,531.355,358.32697,1.9716523
20,1,0,129.43762,254.18243,261.97488,358.73102,72.21809
20,8,0,387.9466,237.99567,436.0323,357.87842,1.622174
20,7,0,424.505,240.91248,468.46948,358.2569,4.721343
20,6,0,94.658585,184.41812,129.72778,311.26865,5.404593
20,2,0,160.18066,172.72864,251.34125,275.93134,23.186052
21,4,0,463.76257,245.27481,531.2703,358.00638,1.3779184
21,8,0,387.5883,238.58583,434.8508,358.18774,4.01234
21,7,0,422.15002,241.29643,469.432,358.2198,3.2287676
21,6,0,94.70058,182.47655,129.67433,311.77625,3.2265131
21,1,0,97.49246,261.33563,246.3685,357.91205,107.936035
21,2,0,164.62524,173.09055,258.19894,299.72662,60.008457
22,4,0,465.15894,247.70428,531.5547,358.55475,7.6936817
22,3,0,189.47119,178.0871,274.55667,356.6161,288.88232
22,1,0,67.80254,269.08008,220.47357,358.34717,126.41274
22,6,0,94.76993,185.42505,129.25992,285.83203,51.746212
22,8,0,386.97632,240.11676,433.41205,357.33252,4.858151
22,7,0,409.32098,242.78242,473.08185,359.18927,21.379368
23,9,0,0.019359589,233.95827,41.77272,357.8191,
23,3,0,196.23096,178.55304,275.1115,355.35175,16.55561
23,4,0,466.3117,249.42151,532.6041,358.9428,6.8549175
23,1,0,35.626648,274.30173,200.88394,358.7675,117.16219
23,6,0,94.922775,184.86987,129.39914,280.65094,12.92332
23,10,0,168.09698,203.70654,208.87866,325.0653,
23,8,0,386.75323,240.04959,433.08917,356.34738,2.6673863
23,7,0,399.37976,244.17136,473.36377,358.40237,21.775604
24,9,0,0.053894043,233.4771,49.25891,358.32574,16.92173
24,4,0,466.79803,254.5368,532.78424,358.65497,10.964786
24,3,0,202.4047,180.85303,277.87894,358.3025,23.330076
24,6,0,95.09334,183.26428,129.51372,281.05252,2.7839563
24,1,0,7.223114,279.2102,174.9331,359.03943,122.851524
24,10,0,171.37216,203.04614,211.67773,331.15503,18.330809
24,7,0,397.01837,243.77612,474.12335,358.51416,3.6600568
24,8,0,386.7869,240.27739,434.14188,355.1834,3.2266746
25,10,0,171.63681,202.27112,216.13083,347.9201,37.510868
25,4,0,468.1187,249.06335,533.1732,358.47058,13.298631
25,6,0,95.20717,179.51343,130.09593,293.3898,19.38283
25,3,0,210.34247,181.11198,282.01666,357.08795,27.25481
25,1,0,0.0,278.35828,148.22318,359.27075,76.36212
25,8,0,386.73578,239.95445,433.9223,351.6532,8.690953
25,7,0,398.61023,243.73212,474.4701,359.53265,4.8819246
26,10,0,173.20691,203.22696,222.32697,356.03525,26.868162
26,1,0,0.08340454,209.90987,120.25462,358.38422,168.1477
26,3,0,215.08331,181.45184,287.08563,357.22742,22.098413
26,4,0,466.5114,252.58984,533.18317,358.37317,8.511456
26,6,0,95.10434,182.53638,130.3467,302.08383,26.365303
26,8,0,386.73932,240.41202,434.24615,350.0007,2.787715
26,7,0,396.22754,242.55865,478.45642,358.2782,6.546857
27,3,0,221.49452,185.87088,297.71167,357.41104,39.70799
27,10,0,175.92453,202.39589,225.67624,358.27942,14.015896
27,6,0,94.847885,183.9538,130.48314,310.01807,21.042953
27,4,0,467.91113,247.11383,534.70703,359.24066,12.279684
27,1,0,0.4697876,217.9534,98.5677,357.1024,50.283028
27,8,0,386.48523,243.44617,435.14606,354.6754,17.405699
27,7,0,395.9013,247.37762,493.8506,359.35748,36.407753
28,1,0,0.48921204,221.75533,112.84119,359.226,34.81319
28,3,0,227.31172,186.9295,296.33514,356.91827,10.072308
28,10,0,179.58197,202.07785,227.53046,358.7147,12.404035
28,6,0,94.87062,184.77765,130.49774,311.8211,5.911104
28,4,0,467.49323,248.04776,535.82947,357.97867,1.7486233
28,8,0,385.36194,242.71768,435.00214,355.2537,2.8711872
29,1,0,0.01928711,225.78424,128.43848,358.0605,34.64096
29,10,0,180.28955,201.69322,228.01697,358.167,3.4086282
29,3,0,232.04532,189.89972,301.4117,357.71112,23.641094
29,4,0,468.58527,245.16498,536.34503,357.90973,7.5624948
29,6,0,94.47815,184.65729,130.5207,309.48004,5.600264
29,8,0,385.1765,242.9048,434.23914,354.86377,2.182206
29,7,0,393.48767,247.59875,478.8507,357.6925,39.314854
30,1,0,0.82936096,225.47862,136.90883,358.3208,20.881207
30,10,0,182.29185,202.15784,231.18236,358.24866,11.692094
30,6,0,94.45343,185.25766,130.56508,295.45236,30.211475
30,4,0,469.65454,244.5744,536.89307,358.01666,3.798171
30,3,0,237.65448,189.04503,304.59314,353.40967,22.93015
30,8,0,384.3371,241.84164,433.8681,354.9691,3.4730375
30,7,0,393.079,246.66779,481.42154,357.53754,5.4439964
31,1,0,3.1039124,226.86804,146.44147,359.03625,26.985012
31,10,0,184.69467,201.95769,235.34607,358.79584,14.795308
31,6,0,97.03755,185.42322,129.85753,288.8021,15.189249
31,8,0,384.45282,240.75752,434.7884,354.8891,3.5063212
31,4,0,471.21515,244.88446,536.71075,358.75568,3.8972778
31,3,0,240.28433,191.32654,311.63138,357.11407,25.585083
31,7,0,395.42773,245.41785,498.6723,357.59143,44.180878
32,10,0,185.85278,200.39175,238.56244,357.85806,11.340694
32,1,0,53.355713,227.11043,160.75412,357.54974,145.29698
32,3,0,251.24207,190.20323,316.66406,357.33594,36.035557
32,4,0,472.61353,245.57776,536.6848,358.80383,3.5098104
32,8,0,384.17664,241.16829,434.50476,355.2636,2.1698844
33,10,0,186.06134,200.0882,238.19464,357.77216,0.94671494
33,1,0,66.11282,223.37099,166.37576,358.8838,41.70486
33,3,0,254.36563,189.30962,318.42172,344.76007,32.234993
33,4,0,473.12042,245.74023,537.36176,358.92273,2.7378368
33,7,0,389.77698,242.7577,481.29578,359.3192,51.853836
33,8,0,383.34607,241.68005,432.4605,355.47577,6.670276
34,1,0,79.09659,220.62358,175.55098,358.84723,50.249645
34,10,0,186.3801,200.17883,239.27237,357.84827,3.16441
34,3,0,258.41083,189.40375,320.4842,342.20648,14.814605
34,4,0,471.9145,246.56519,537.851,358.75012,2.1804986
34,9,0,30.904552,229.50381,111.14076,357.90994,208.88171
34,7,0,390.262,241.22723,479.1547,359.30627,5.0934696
34,8,0,383.3296,240.32855,433.08337,355.81238,2.6600564
35,1,0,85.586105,218.87643,183.99174,357.59634,34.263714
35,10,0,186.61563,200.68945,240.7927,357.86237,4.123319
35,4,0,472.16602,247.05005,538.4815,358.5849,2.1108406
35,3,0,261.00613,191.63959,327.00565,344.11304,22.530888
35,7,0,387.09937,240.4215,480.97437,359.60876,3.2268307
35,6,0,98.24115,179.76648,129.15686,265.84766,64.385086
35,8,0,383.02618,240.23904,432.29907,355.02298,3.146449
35,9,0,31.494286,229.93028,118.57777,359.5327,18.63944
36,1,0,99.623985,216.60553,191.70523,358.41595,49.049404
36,10,0,189.24602,201.74626,240.64864,354.4687,7.677318
36,4,0,471.73395,248.45645,540.8998,357.82693,4.7010927
36,8,0,381.4666,240.23724,430.8927,354.90167,6.6791167
36,3,0,259.43268,191.79575,327.8139,338.6904,11.974003
36,7,0,389.9709,241.94366,480.94208,359.438,7.0749793
36,9,0,48.975254,229.2821,122.71359,357.81262,48.928802
37,1,0,116.18714,220.1989,202.92316,358.23114,62.97613
37,4,0,470.18146,250.83984,544.3326,359.29028,9.633831
37,10,0,196.07239,200.7608,242.08752,351.43073,20.683186
37,7,0,385.6654,244.62213,480.2688,357.99323,11.541001
37,8,0,376.74792,241.2681,427.74377,356.35806,18.565668
37,3,0,270.24457,190.5604,327.7912,336.9736,25.168007
38,1,0,120.6093,222.54324,209.3032,357.8218,24.691847
38,10,0,199.17892,201.74435,244.64511,350.43716,12.744297
38,4,0,466.9021,250.71832,547.3081,358.92072,1.2993293
38,7,0,382.9372,245.28583,471.95624,359.15106,25.177553
38,9,0,70.216064,225.76372,145.47275,358.12787,99.26191
38,8,0,374.0487,242.20451,427.83557,356.1723,6.1049905
38,3,0,270.89148,190.57245,334.93213,336.09186,17.631565
39,1,0,129.97433,224.629,215.69254,357.86954,35.770874
39,4,0,466.06793,251.98657,551.395,359.57178,8.49777
39,10,0,202.47263,201.92007,247.63724,348.9827,14.432802
39,7,0,399.20187,247.55084,471.57413,359.1292,36.09044
39,9,0,76.12282,224.35736,151.11975,358.01556,26.219563
39,8,0,371.72314,243.1351,427.26294,356.88058,7.491307
40,1,0,146.46663,227.85667,222.50768,357.45386,52.822018
40,10,0,206.76091,201.23727,249.16527,349.32846,13.108661
40,4,0,464.59235,251.03363,547.2297,359.57684,12.87003
40,7,0,393.62463,248.87772,470.3847,359.2941,15.590579
40,3,0,277.7176,192.64606,341.39362,336.3598,30.357754
40,9,0,79.16217,223.04837,156.29828,358.2701,18.641815
40,8,0,370.31937,245.53674,424.829,357.3933,10.8424635
40,11,0,143.7106,194.03714,177.68326,260.94434,
41,1,0,154.55774,228.84859,230.5401,357.27203,36.32371
41,7,0,381.40137,250.35919,468.24872,359.33185,32.48864
41,4,0,464.083,250.88159,550.8627,359.3172,7.089006
41,8,0,368.3337,245.44641,424.44754,358.93097,6.2427025
41,3,0,279.66418,194.29825,338.5266,332.80515,4.755188
41,10,0,208.53316,200.84477,245.51799,347.80988,6.0239244
41,6,0,96.90442,180.5755,129.61601,267.01978,4.87532
41,11,0,147.3736,194.10071,176.92609,258.56097,8.366022
41,9,0,84.94531,221.91818,163.39355,358.3052,29.081013
42,1,0,173.28406,229.37291,245.97473,359.3003,77.076416
42,7,0,385.0082,252.76163,462.95596,359.2725,6.494796
42,4,0,458.80316,250.92523,554.8428,359.38007,2.9342253
42,8,0,364.5916,249.15356,419.47498,356.06152,19.69837
42,3,0,284.2642,191.14433,341.1617,324.92987,29.678638
42,6,0,96.93515,180.77722,129.58968,292.97992,58.864197
42,9,0,100.93928,222.7662,180.73193,358.11667,75.01243
43,1,0,176.22675,227.3898,253.47668,357.9543,24.665321
43,4,0,457.20953,252.12848,556.55426,359.1355,2.1732678
43,7,0,375.5069,254.4945,460.86432,359.62512,26.502857
43,8,0,358.94525,250.7279,416.20892,358.57727,22.063765
43,6,0,96.925964,181.62833,129.98904,296.0836,8.941442
43,3,0,285.04755,191.26135,342.45276,322.26312,7.3957386
43,9,0,117.35868,224.10088,178.85593,358.08966,32.854652
44,1,0,181.1785,224.29887,257.5942,358.96356,20.936497
44,4,0,456.48334,254.41553,559.8058,359.17267,7.722216
44,7,0,381.0866,255.59799,459.15033,359.47153,8.956612
44,12,0,440.52142,226.30661,489.107,325.3201,
44,8,0,358.27686,251.12244,413.21375,358.53735,8.281567
44,6,0,96.40837,181.4425,129.96161,305.3086,20.375103
44,9,0,116.825096,223.55508,186.08841,358.82486,15.078577
44,3,0,285.10767,192.81303,342.32043,323.29938,5.825157
45,1,0,184.13278,226.53355,262.65155,358.9591,18.71157
45,4,0,455.10986,255.18106,558.3489,359.1829,6.60323
45,7,0,379.41473,255.29034,457.6839,359.60956,7.0714927
45,6,0,96.477356,180.81793,129.7136,309.6595,8.3938875
45,8,0,356.12833,250.71896,411.31174,357.78616,9.476773
45,12,0,438.71027,225.41853,489.54437,332.40387,14.278852
45,9,0,122.50328,224.98032,186.4424,358.60788,13.84196
46,1,0,192.45224,224.53905,268.06564,357.97473,31.619036
46,4,0,453.40118,251.63916,556.0059,358.92896,12.491884
46,7,0,370.12115,253.40753,456.9981,359.5528,22.873745
46,12,0,436.38092,225.47835,488.2926,334.0069,8.883778
46,6,0,96.44411,180.52408,129.85513,315.67038,12.86565
46,8,0,351.25623,248.96664,409.69092,358.57822,14.767977
47,1,0,204.53015,222.11192,281.6421,358.4729,57.88524
47,4,0,450.00134,252.70346,562.31525,358.8796,6.933226
47,7,0,367.9255,250.06134,452.21487,359.16998,17.803495
47,6,0,96.67865,180.90442,129.78091,314.36676,2.1084642
47,12,0,433.51053,224.5065,489.2408,342.80692,18.13663
47,8,0,340.81885,246.75067,405.06604,356.6778,35.132885
47,3,0,294.25446,191.56535,354.02814,312.36212,54.344955
47,9,0,130.93329,226.50803,203.58966,358.1332,57.59761
47,11,0,142.21603,194.26505,175.7667,256.64758,14.747908
48,1,0,212.16956,221.7262,287.24237,358.51648,29.79924
48,4,0,448.70856,253.22977,560.9367,358.96463,6.165863
48,7,0,367.2168,249.1629,449.93518,359.26678,6.961623
48,12,0,434.68848,224.60982,488.18262,346.89606,9.436846
48,13,0,212.2861,201.02429,246.50821,255.87122,
48,6,0,96.890915,180.68808,129.86531,316.25253,3.8150713
48,8,0,336.77466,244.39429,402.94543,357.7025,14.190711
48,3,0,295.2274,191.43672,354.07547,311.97845,2.5687659
48,9,0,137.26636,224.54333,206.38947,357.40784,21.421822
48,11,0,142.47766,194.76825,175.55762,255.80988,0.7618634
49,1,0,216.06915,222.54634,292.95056,359.20624,21.882837
49,4,0,448.30963,254.9177,561.0108,358.9492,3.833409
49,7,0,363.0532,249.00586,448.75772,359.5033,12.018725
49,12,0,432.05826,224.66553,488.72464,346.95892,4.706012
49,6,0,97.04259,180.98364,130.09431,316.6391,1.7576146
49,8,0,333.07617,243.87596,401.62366,358.31665,11.29765
49,9,0,151.74615,223.46652,209.50616,359.01962,39.610413
49,11,0,142.35126,194.79996,176.38562,256.35092,2.0378199
49,3,0,295.90826,193.36206,352.59845,314.20258,9.506612
49,13,0,212.42584,201.5794,248.84601,262.96912,18.099125
50,1,0,222.2201,223.23456,299.03723,359.5327,27.629112
50,4,0,448.67865,255.86816,564.0262,358.8308,7.8416734
50,12,0,428.11212,223.78412,488.05426,351.3084,12.991638
50,8,0,330.63562,243.57051,400.20667,358.46576,8.686602
50,7,0,352.40393,248.83386,448.19788,359.64233,25.220598
50,9,0,155.55429,222.19067,212.87106,356.27698,18.499422
50,6,0,97.14903,180.96155,130.42937,315.51343,2.7669394
50,11,0,142.90099,193.96655,176.82817,256.8364,2.365898
50,13,0,212.46075,201.3648,251.36877,267.70016,11.678351
51,4,0,447.92596,256.97424,561.3047,359.12762,8.430162
51,1,0,224.45602,224.17015,300.33023,358.37488,7.9558225
51,12,0,425.9701,223.71487,487.24066,354.20828,9.208023
51,9,0,156.39178,221.08698,216.01678,358.09448,9.105003
51,8,0,329.71497,243.96481,398.32837,357.2892,6.5389504
51,7,0,350.35724,250.96857,447.25262,359.5636,8.168068
51,6,0,97.13246,180.82428,131.14825,314.8593,2.3806798
51,11,0,142.66016,193.92053,178.71967,256.87402,3.7140448
51,13,0,212.70312,201.41788,251.29193,267.13474,1.2114776
52,1,0,236.97336,223.92445,310.8348,358.4121,51.801426
52,4,0,447.00323,260.56482,558.7046,359.80347,12.448955
52,13,0,211.96048,202.11429,251.32639,345.6868,178.3162
52,12,0,424.04395,224.80084,485.8098,352.1518,7.862558
52,9,0,162.61893,220.41742,225.95126,358.51007,36.368137
52,7,0,344.35266,253.52896,446.484,359.49454,16.237906
52,8,0,325.71234,246.1579,394.268,358.16144,19.4085
52,6,0,97.26474,181.29083,132.57141,309.8495,10.804853
53,1,0,239.94107,223.53998,313.80936,358.1737,13.443335
53,4,0,446.85187,261.53754,558.1829,359.70648,2.485087
53,12,0,427.43243,225.42126,483.27692,353.65692,5.1553955
53,8,0,324.59818,247.58246,392.5554,358.94293,8.067865
53,7,0,357.80466,254.66449,445.64774,359.8974,28.595642
53,9,0,167.2174,219.0388,227.80948,358.4369,14.890273
53,6,0,97.26642,181.42563,133.07196,307.97916,4.0651674
53,13,0,212.44086,201.85226,251.4942,337.85275,18.274445
54,4,0,445.91748,262.78165,557.7715,359.6241,4.000252
54,1,0,245.04059,221.7814,313.74567,359.69138,11.343569
54,7,0,342.46985,256.93317,445.11902,359.8686,36.04697
54,8,0,322.8133,248.7019,390.59418,359.99994,9.748023
54,9,0,175.65924,219.50865,230.11157,359.42407,24.395113
54,6,0,97.24437,181.39877,132.9119,303.1973,10.827366
54,12,0,421.61517,226.6424,482.57892,353.21997,14.765132
55,4,0,445.85156,262.77716,557.0711,359.781,1.7579361
55,1,0,245.99594,222.09894,314.5471,359.34998,3.9531083
55,7,0,345.10718,259.79028,445.2873,360.0,9.222994
55,8,0,319.92368,250.96582,391.25558,359.8601,6.9264407
55,6,0,97.39191,181.32349,132.67078,303.43665,0.4249709
55,9,0,176.39767,220.66727,237.38919,358.68008,18.060226
55,12,0,422.3866,227.99023,481.1842,353.18365,3.2672184
56,4,0,443.42944,261.8048,556.4794,359.4032,7.4305377
56,1,0,251.34213,221.10413,314.04483,358.63867,11.555129
56,7,0,345.29865,261.44226,444.10236,360.0,4.337315
56,8,0,317.8656,251.62054,390.4203,359.7704,6.633047
56,6,0,97.276825,181.44012,131.49007,304.26184,3.6043048
56,12,0,421.47162,228.53784,479.034,348.11243,12.2946615
56,9,0,187.97516,220.83853,238.99243,359.8204,29.803095
57,4,0,441.20355,261.57043,555.46747,359.47003,7.2947807
57,7,0,350.09833,266.67865,447.21844,359.09857,20.306335
57,1,0,253.97699,217.37697,317.29608,360.0,14.273496
57,8,0,315.16684,256.0136,387.223,359.4489,16.1219
57,9,0,183.35489,221.88362,247.07968,357.99615,7.9952803
57,12,0,418.38757,228.74828,473.9535,344.6018,19.81419
57,6,0,97.3387,182.36105,129.28696,304.9172,5.9824586
58,4,0,439.5056,261.66876,555.9572,359.30365,2.7227385
58,1,0,255.8671,217.63332,317.5933,359.1305,5.1111755
58,7,0,350.52753,268.0228,445.57745,359.2993,4.4177046
58,8,0,314.653,256.86078,386.8551,359.62213,3.0342536
58,9,0,193.7481,222.8852,251.56926,359.43298,33.932735
58,14,0,365.20508,214.06253,418.6468,274.88815,
58,12,0,417.0116,227.67929,472.32776,346.07773,6.815621
58,6,0,97.596756,182.08752,128.96211,302.17947,6.777003
59,4,0,436.8471,260.90833,555.7795,359.1338,6.716062
59,1,0,257.99643,217.4244,318.97195,358.68622,8.028655
59,7,0,351.74158,268.11734,443.73724,359.6133,1.682249
59,9,0,193.40181,223.59251,253.20033,359.56763,3.4562342
59,8,0,314.17975,257.5681,384.04694,359.54803,7.5194426
59,14,0,364.66254,214.06464,418.02722,274.60394,2.6906853
59,6,0,97.629745,182.29861,129.21524,300.11017,4.230256
59,12,0,417.6057,225.58206,470.5863,345.06747,7.4531856
60,4,0,433.29858,261.41327,553.23804,359.5185,13.84786
60,1,0,261.31198,218.23247,319.26096,358.72186,8.3294735
60,7,0,351.64203,266.40637,442.91205,360.0,3.634198
60,9,0,193.81949,223.01096,255.04306,360.0,5.0969768
60,8,0,311.43726,256.96417,383.39,359.86212,7.676435
60,14,0,364.04507,213.2944,414.61154,273.72586,9.80318
60,6,0,97.825516,182.74084,129.21933,299.44525,0.67324746
61,1,0,262.70294,220.21536,320.2091,358.928,7.2081776
61,4,0,433.7766,261.16602,551.41504,359.54706,3.065926
61,7,0,352.76056,265.18335,443.1833,359.91046,4.3011374
61,9,0,196.04245,220.33554,256.6998,359.8256,10.831298
61,14,0,363.37726,213.34607,413.1059,272.42853,5.636518
61,6,0,97.16818,182.50253,129.1719,294.18747,12.467463
61,8,0,309.71002,255.50372,382.735,358.326,8.613322
62,7,0,355.36865,261.7121,443.02502,359.8991,9.580403
62,9,0,205.20108,220.74132,263.69687,359.06372,36.359154
62,4,0,434.44043,261.40253,550.8131,359.3421,0.15630712
62,1,0,266.3125,224.19118,322.67163,359.03308,16.460974
62,8,0,307.5382,255.61505,379.17346,359.6176,13.280611
62,6,0,97.72899,182.92497,129.19298,305.98053,27.51607
62,14,0,361.02277,216.01767,409.69257,268.94626,13.105154
63,7,0,353.5423,261.3826,441.20624,359.7225,8.280243
63,4,0,433.10046,261.26685,549.65375,359.30334,5.637169
63,1,0,268.27393,225.31537,323.7647,358.52466,7.010903
63,9,0,209.53433,220.38852,261.14743,358.7034,4.3224316
63,6,0,97.62613,182.21773,129.34546,308.3758,3.7996142
63,8,0,307.78784,254.86557,377.52185,357.9351,6.31613
63,14,0,360.44955,215.97913,408.53848,268.43427,4.079045
64,1,0,269.1477,225.72316,324.92755,358.91064,4.9181333
64,4,0,430.2141,264.56927,549.5735,359.16302,9.755698
64,9,0,211.50064,220.23615,267.30026,358.18042,18.331154
64,7,0,351.13846,261.46802,436.5159,359.24872,15.985799
64,6,0,97.58774,182.07692,129.33339,307.50488,2.2791967
64,8,0,306.93896,254.7832,375.25476,359.1527,7.461744
64,14,0,359.5617,215.90546,409.45245,268.63788,0.29822317
65,9,0,212.64984,220.5922,267.97888,358.23587,4.215528
65,1,0,268.05197,226.0418,326.03427,358.98798,0.89133406
65,7,0,347.7364,261.65833,432.5412,359.78625,16.678328
65,4,0,427.67346,266.95868,545.89404,359.0478,14.901287
65,6,0,97.82886,181.63239,129.10165,310.25293,5.1829805
65,8,0,305.35413,254.89355,374.7738,359.04187,4.6480412
65,14,0,357.9549,216.08093,408.5749,269.2431,5.859344
66,9,0,215.3269,219.20984,269.37134,360.0,9.196622
66,4,0,429.37195,267.6977,544.5205,359.00726,1.7333418
66,1,0,268.72284,225.91403,328.18207,358.3934,6.546943
66,7,0,345.2637,263.73935,430.91214,359.8096,10.372643
66,6,0,97.83775,181.74416,129.25624,307.43518,6.0995865
66,14,0,356.9065,216.64261,410.02295,270.47733,4.1396194
66,12,0,409.74146,225.71664,464.73187,353.79208,36.743793
66,8,0,304.55933,254.99066,372.8866,359.55927,6.1908827
67,9,0,216.44809,220.09857,273.08734,359.1236,10.88371
67,7,0,339.81384,268.06433,426.85474,359.20996,22.974937
67,4,0,435.2296,271.0869,541.98816,359.37787,11.293572
67,14,0,355.16473,214.86682,407.85028,273.33868,9.13988
67,12,0,404.85785,224.83401,467.0075,358.80984,10.999907
67,6,0,98.294495,181.46832,129.35927,303.41107,9.756471
67,1,0,273.70862,213.36485,330.74097,346.1665,58.273502
67,8,0,297.59174,257.89587,369.00446,359.10052,25.024805
68,9,0,218.14008,221.26288,276.6353,358.9333,11.991856
68,14,0,353.51306,215.65321,408.9624,277.1676,10.455133
68,12,0,402.1347,227.4773,469.78363,358.77216,5.8637905
68,7,0,341.31702,272.01666,425.7323,359.5647,9.728692
68,4,0,439.18286,272.1996,533.17017,359.63306,11.370137
68,6,0,98.46486,181.46011,129.34381,304.2717,1.9493507
68,1,0,275.01355,213.20474,330.39075,329.7084,37.452656
68,8,0,295.15723,259.09192,367.08362,359.05884,10.137888
69,12,0,400.15118,229.58507,475.52814,358.96985,9.925601
69,9,0,225.79971,222.27722,278.59073,359.63507,21.975748
69,7,0,339.11987,275.03632,423.77722,359.87115,11.970329
69,14,0,351.91974,215.70221,406.8062,279.79742,10.368322
69,1,0,274.3549,212.23196,329.75345,326.4899,9.870905
69,6,0,98.35234,181.56229,129.274,304.20206,0.41671523
69,4,0,460.98523,272.2787,533.88904,359.4032,50.673927
69,8,0,293.4156,260.67627,365.39252,359.31104,8.759583
70,9,0,226.86969,222.46434,281.11758,359.4098,8.093328
70,14,0,350.4001,215.53955,404.6678,283.8725,12.051379
70,1,0,275.74933,211.97604,329.90497,320.71396,14.010352
70,7,0,334.02725,279.04114,422.05508,359.86768,17.780933
70,12,0,394.67627,231.75662,465.62756,357.93405,34.6891
70,4,0,437.3001,273.23584,531.9366,359.53186,57.736256
70,6,0,98.41194,181.53969,129.23479,306.96692,6.17023
71,14,0,349.28152,215.1701,404.15768,287.88147,8.971462
71,9,0,229.9599,222.99515,280.9034,358.96555,6.4740133
71,12,0,394.5641,233.37064,467.88245,358.4675,6.8256087
71,7,0,330.25067,282.83423,417.91876,360.0,19.87438
71,15,0,461.27228,206.65834,487.9768,281.69836,
71,1,0,277.0161,211.44107,330.96606,296.33725,56.29547
71,6,0,98.53938,181.68265,129.1385,304.19998,5.904332
71,4,0,435.5287,272.82886,532.4127,359.68005,2.971996
72,9,0,234.01321,222.61252,281.42862,358.3099,10.563232
72,14,0,342.64716,212.87369,402.95593,295.97653,21.933641
72,7,0,319.74286,290.11942,412.12628,360.0,40.17199
72,12,0,389.51123,234.67859,467.59106,359.7527,13.365314
72,1,0,280.6125,211.68076,331.60748,285.48563,25.710335
72,15,0,457.63074,207.32617,487.4486,277.96387,11.64602
72,8,0,266.942,273.81598,347.0496,359.49554,105.19938
72,6,0,98.75023,181.9787,129.02312,303.01642,2.00842
72,4,0,467.24225,274.7698,536.0937,360.0,79.79999
73,14,0,341.50623,212.53656,402.74182,301.67407,12.440314
73,7,0,316.341,294.9538,406.5268,359.76263,22.741365
73,12,0,379.75458,233.35681,471.2265,359.15747,14.432332
73,1,0,282.3542,212.73145,332.03925,284.73523,4.936744
73,16,0,215.06433,201.51857,253.09421,326.7494,
73,9,0,237.18808,220.77972,283.13113,357.45782,12.526943
73,15,0,456.96164,207.11725,487.37967,279.7611,3.9406822
73,8,0,252.39523,277.6001,347.3441,359.59186,33.234913
73,6,0,98.84195,182.21588,129.09125,306.89288,9.262692
73,4,0,468.61743,277.057,536.584,360.0,6.6409073
74,14,0,339.76428,212.57253,401.66852,305.61877,10.970037
74,12,0,380.11853,233.18709,473.73218,358.94965,6.5123115
74,7,0,310.50986,298.88434,403.25082,359.81525,22.365168
74,16,0,215.28143,201.42749,252.3598,327.7575,2.3690155
74,1,0,283.25183,213.16924,332.76416,286.2729,5.7518883
74,8,0,242.5245,279.05576,335.0886,359.7794,49.92109
74,15,0,456.21155,206.3233,487.90613,280.70636,0.60752153
74,4,0,469.87732,277.35754,538.08685,359.96863,6.2456336
74,6,0,98.885956,182.50555,128.98282,309.68396,6.933202
74,9,0,238.53934,224.06795,285.73923,324.06256,68.324135
75,12,0,373.45764,232.94727,471.07935,358.85785,20.969149
75,14,0,338.83337,215.53224,401.1964,307.91504,12.24004
75,16,0,215.3852,202.68103,252.89728,327.7705,3.1941342
75,7,0,306.6611,302.099,398.2573,359.71875,21.09595
75,8,0,239.19424,279.62494,328.91562,359.49756,21.39205
75,1,0,284.81384,213.14066,335.9635,300.58896,33.88491
75,6,0,98.98988,181.82442,128.81023,314.1801,8.585146
75,15,0,455.98462,206.29477,486.0227,286.13187,13.038532
75,4,0,470.3803,278.17596,540.9284,359.9992,7.7638927
76,12,0,372.68787,232.71742,471.4679,359.2511,0.9332201
76,14,0,337.35175,216.09929,399.726,310.82562,10.263696
76,7,0,295.47833,302.83856,394.24493,359.70062,34.227554
76,16,0,215.06052,202.62477,252.08542,326.0647,4.7178464
76,1,0,287.4637,213.09915,336.481,302.79092,8.626557
76,8,0,230.39162,279.5031,320.83044,360.0,38.007236
76,15,0,456.43646,206.73862,485.2154,287.01157,3.0835145
76,6,0,99.271805,182.99301,129.0252,308.7587,9.633911
76,4,0,472.74512,278.69354,544.59094,360.0,13.611586
77,12,0,369.0448,232.25348,472.16632,359.4485,6.652529
77,14,0,334.04407,216.71535,396.26886,312.99207,16.458113
77,1,0,289.21527,213.1687,334.85712,301.40924,2.9662466
77,16,0,214.78667,203.06485,251.9728,297.21756,63.921757
77,7,0,278.8913,297.98566,382.5197,359.83453,64.581375
77,8,0,209.70932,275.35187,307.04404,359.44574,78.27389
77,9,0,247.04263,219.63531,292.48813,280.29492,113.75066
77,15,0,456.83698,206.22427,486.42902,286.11166,4.82861
77,6,0,98.9644,185.74368,129.9445,300.79684,11.805711
77,4,0,471.95752,279.56293,548.66724,359.81146,7.556475
78,12,0,368.75262,232.87918,474.39435,359.79343,4.8725195
78,1,0,289.67142,213.3723,334.01474,299.5896,3.738468
78,16,0,214.41495,203.5329,251.50421,289.521,16.373684
78,7,0,266.91605,297.08487,374.3517,359.93057,45.358467
78,14,0,332.33075,217.96783,394.75244,321.7885,23.749237
78,15,0,456.34863,205.9844,485.38135,287.10208,3.846548
78,8,0,198.77911,275.2923,297.16278,359.49005,46.825798
78,6,0,98.570175,184.93463,129.74223,297.0298,10.383353
78,9,0,248.75302,220.28394,291.81857,281.33813,4.4693136
78,4,0,470.52484,280.35028,552.989,359.72247,6.68769
79,12,0,365.59137,233.55579,469.77106,359.615,17.551058
79,7,0,256.78632,296.877,368.41534,360.0,36.15007
79,14,0,330.82425,218.58875,393.23984,330.73175,22.56604
79,1,0,290.1659,214.18375,334.18958,298.97183,1.5677252
79,16,0,214.46417,204.88684,250.51984,280.41333,17.572302
79,15,0,456.54614,206.10406,485.52612,291.22974,9.58744
79,6,0,98.972946,184.88785,129.12802,302.9903,13.314387
79,8,0,188.14023,274.5898,289.2556,359.8492,41.735764
79,4,0,469.5359,282.35257,554.7511,359.84494,5.0873494
79,9,0,249.29938,221.2184,292.74963,294.64417,32.213055
80,12,0,364.22473,234.65674,469.09552,359.3664,4.9790573
80,7,0,246.46481,298.60144,362.54373,359.6371,36.563065
80,14,0,326.92688,218.26532,390.7588,344.2776,33.031075
80,1,0,290.99945,214.443,333.21954,302.0103,7.426243
80,16,0,214.02283,205.24335,250.00565,275.85156,9.703024
80,15,0,456.02924,206.69456,485.11127,290.3495,2.195483
80,6,0,98.351944,185.15997,129.5682,296.08875,14.921754
80,9,0,250.08957,221.16241,294.56448,297.89923,9.282569
80,4,0,467.47443,286.47784,549.0329,359.8416,19.809408
81,12,0,359.79572,235.92258,467.9538,359.13382,12.747948
81,7,0,236.7909,300.64142,355.75867,359.52582,37.28611
81,14,0,326.10364,218.5373,387.49377,347.14014,11.591119
81,4,0,465.11035,287.23535,545.6347,359.66455,13.030714
81,1,0,291.16205,214.59138,331.32007,308.13263,14.640276
81,15,0,455.35602,207.34816,485.28015,293.4646,8.555114
81,6,0,98.3624,183.68417,129.64871,292.90018,10.496822
81,11,0,146.05676,196.37894,178.94348,258.2424,11.852978
81,16,0,212.68811,206.66339,248.70483,273.89383,6.0520897
81,9,0,250.27948,221.40164,295.78613,301.8453,9.93809
82,12,0,351.54907,238.023,457.6432,359.5312,42.130344
82,14,0,319.30292,223.68018,377.39313,357.14136,51.060635
82,4,0,458.62494,292.981,542.3802,360.0,25.835394
82,1,0,292.0635,215.69604,331.93387,319.69098,28.695059
82,7,0,220.45747,307.58948,343.18268,359.34583,66.80498
82,15,0,455.94098,208.36488,485.34882,287.7058,10.770525
82,8,0,135.26663,278.79138,259.15518,359.45728,186.88823
82,6,0,98.4805,182.49805,129.74661,297.5874,7.8924494
82,16,0,210.76988,207.22829,245.64488,281.90088,22.30342
82,9,0,252.77695,222.11145,296.23062,311.68787,24.648293
82,11,0,146.32281,197.36542,179.1643,258.43475,2.8696957
83,12,0,345.36505,239.61401,453.38702,359.1682,23.652359
83,14,0,315.19568,222.93022,374.4651,357.54535,15.848502
83,4,0,454.2918,297.27753,540.6999,360.0,16.628979
83,8,0,122.202286,281.59802,250.1884,359.42468,49.96145
83,15,0,456.17993,209.09912,485.25867,286.86188,0.41592932
83,9,0,254.23923,223.10799,296.2914,316.86188,14.300377
83,16,0,209.39319,206.81274,245.96027,289.29456,15.88139
83,7,0,213.79333,312.6906,339.63916,359.17676,25.50762
83,1,0,292.4724,216.00351,332.1573,325.93192,14.802432
83,6,0,98.27974,179.25641,129.81056,301.5809,1.7194667
83,11,0,146.36862,197.45172,178.97134,258.49512,0.46747056
84,12,0,339.93292,240.21461,451.32123,358.84998,16.882286
84,14,0,309.4141,223.44774,369.56296,357.36597,24.050396
84,16,0,206.81586,207.02127,245.09332,299.0507,23.722029
84,9,0,256.32214,224.34259,298.21332,327.01825,27.167597
84,15,0,456.29413,208.50932,485.17316,293.25006,13.046562
84,4,0,452.6532,299.0578,540.0796,360.0,6.4712653
84,6,0,98.21832,178.16956,130.24905,304.19446,3.5383046
84,1,0,292.59637,216.27351,331.75958,341.97455,36.708565
84,8,0,98.36013,285.15594,242.68161,358.90363,70.8653
85,12,0,336.09027,241.52025,443.9771,359.13928,25.42477
85,14,0,308.13544,221.00513,365.44525,358.5252,12.480466
85,17,0,399.7539,240.73187,472.00476,356.85577,
85,16,0,206.63727,206.35492,245.56519,331.09436,70.60206
85,9,0,257.65637,223.89957,299.2954,341.93723,33.021523
85,4,0,448.5431,302.4773,536.7183,360.0,18.487606
85,6,0,98.117645,177.02646,130.639,310.21222,10.98729
85,15,0,456.7102,208.92554,485.69977,294.98926,5.293189
85,1,0,292.09433,215.2854,332.6724,355.77582,28.84445
86,12,0,331.96222,239.97021,441.93158,359.1488,14.316502
86,16,0,206.99332,206.81363,245.16061,329.90762,1.6416957
86,14,0,298.0443,221.54195,364.77344,358.32916,24.228748
86,4,0,440.8247,305.189,532.527,360.0,27.482697
86,17,0,398.93567,242.77571,471.97156,348.877,13.490326
86,8,0,80.53606,299.8829,220.67912,358.8002,95.459496
86,6,0,98.312775,173.99896,130.67336,309.8084,7.737682
86,9,0,258.72955,223.33578,299.16107,349.50156,15.892252
86,15,0,457.0564,209.33607,485.9948,287.18323,16.702324
87,12,0,321.69467,238.92528,433.58078,359.03845,41.97185
87,17,0,397.38943,244.59122,471.61032,334.30856,29.01328
87,16,0,206.0644,207.5223,244.54585,330.39154,4.3890185
87,4,0,430.58795,306.03906,525.69916,359.99225,38.44204
87,1,0,283.60663,221.60376,357.17133,358.29407,41.147644
87,9,0,260.737,222.37518,302.00653,352.97778,12.298891
87,15,0,454.99957,208.85236,487.19513,299.27753,26.194824
87,6,0,98.46733,180.23071,130.7542,312.01154,18.985859
88,12,0,318.2119,236.09245,428.1399,358.80133,21.233135
88,17,0,396.34918,244.40063,471.2254,334.43542,3.2098382
88,4,0,424.00623,307.6412,522.0746,359.88675,23.209757
88,16,0,206.69812,208.09291,245.01862,329.97852,2.5146952
88,18,0,242.64299,205.91095,271.86163,325.1281,
88,9,0,263.02008,223.40173,302.1975,344.57892,17.49684
88,1,0,282.81934,224.08582,355.1504,357.95648,7.950143
88,15,0,454.35144,208.30661,487.64984,301.23282,3.2011983
88,6,0,98.38995,169.396,131.0029,316.95645,13.257658
89,17,0,396.21716,245.23291,471.3507,331.9897,3.630326
89,12,0,312.91046,237.70837,424.62775,358.7818,20.15326
89,4,0,418.2243,309.35797,518.577,359.74402,21.17707
89,16,0,206.71396,208.82666,244.60233,330.62634,3.236527
89,15,0,454.18814,208.26692,489.20383,301.2652,3.129087
89,18,0,242.13492,205.97722,271.7122,326.71344,3.9997938
89,9,0,264.0728,223.26218,301.61725,344.15543,1.6537966
89,1,0,285.41492,223.30518,353.68262,358.09058,2.924975
89,6,0,98.75876,170.2861,130.83481,312.35464,8.363527
90,17,0,395.55017,245.01617,471.93787,334.9135,6.0936055
90,12,0,307.26117,235.41309,420.36438,358.3553,23.128971
90,4,0,410.865,311.91373,513.63965,359.76334,28.267704
90,16,0,207.34189,208.99596,244.25314,330.84534,1.0754942
90,9,0,264.73346,223.15549,306.127,350.52707,18.276705
90,15,0,454.72125,208.21101,488.23602,299.524,4.1601243
90,18,0,240.44168,206.11783,271.19232,328.9836,7.363252
90,6,0,99.06233,169.15259,131.02269,305.33655,18.37443
91,17,0,394.8647,245.36124,473.61896,334.85123,2.3287148
91,4,0,403.0104,313.20038,509.9833,359.4132,25.985159
91,16,0,206.52484,209.70476,243.55002,331.19122,4.1629796
91,12,0,300.5182,233.85202,415.177,358.06186,27.165674
91,9,0,266.34305,222.44536,305.76608,345.9001,12.33274
91,18,0,240.53586,206.76727,270.5577,329.98907,3.917061
91,15,0,455.53485,207.96712,486.2072,297.53766,5.7145734
91,6,0,98.83446,169.87247,131.03854,308.2962,8.292686
92,17,0,394.3122,246.40295,476.3302,329.57434,10.695636
92,12,0,287.5245,235.35768,407.2828,359.08008,47.33956
92,16,0,206.29428,209.93898,242.80167,330.31067,2.6393695
92,18,0,239.44571,207.73383,271.39346,331.8424,6.3705077
92,4,0,389.67935,316.07245,499.506,359.50555,53.98243
92,15,0,456.93906,207.89828,486.63394,296.68063,4.616339
92,9,0,268.1721,221.65309,306.80002,353.58618,16.795475
92,6,0,98.98338,180.32346,130.90034,304.37357,14.688809
93,17,0,392.59424,247.84064,474.98798,331.62958,10.4486265
93,12,0,284.828,234.41745,405.50037,359.42148,10.167289
93,16,0,205.76254,210.27621,243.80447,330.45023,1.5080891
93,18,0,239.9939,208.15045,270.30603,331.09772,1.4201971
93,9,0,268.0274,222.85852,307.97833,348.07648,9.959916
93,15,0,457.02527,208.4946,486.06824,297.319,2.9801655
93,4,0,385.39655,318.61523,493.8299,359.48267,23.11376
93,6,0,99.05716,185.18938,130.97945,312.41962,29.054007
94,17,0,392.17267,248.67496,477.59283,333.97263,8.674155
94,12,0,279.84277,236.26366,403.29285,358.39514,16.288485
94,16,0,205.87201,210.28735,243.86267,330.67145,0.644705
94,18,0,240.13934,208.9811,269.43506,330.97473,2.2803314
94,9,0,267.40625,224.32956,309.53394,335.79318,24.418259
94,15,0,457.11523,208.46106,485.54175,293.9746,7.6635413
94,6,0,99.04909,188.7078,131.02797,308.52243,0.85711044
94,4,0,383.1073,320.91962,486.9724,359.5702,21.272182
95,17,0,389.56198,249.94733,480.03348,354.67407,49.442566
95,12,0,278.98276,239.30597,399.87674,359.41583,13.271777
95,16,0,205.77373,210.72377,243.44582,331.15796,2.3781269
95,18,0,239.26471,209.27275,269.13068,332.64935,5.1585627
95,9,0,270.95496,225.04672,309.75287,331.60892,11.52033
95,15,0,457.44153,209.16574,485.2766,294.87546,3.615062
95,6,0,98.80481,181.04321,131.01184,306.89447,20.916428
96,17,0,388.6075,252.33722,476.37534,357.82245,16.216957
96,12,0,275.61316,243.3994,398.19098,358.9796,14.038983
96,16,0,205.92285,210.47234,243.66626,331.44708,0.83584756
96,18,0,239.7698,209.5739,268.70605,333.57037,2.7558327
96,9,0,272.03766,226.15112,309.5445,322.1031,19.005302
96,15,0,457.5567,211.28723,485.763,290.99274,4.187546
96,6,0,98.77231,187.52042,131.02872,303.96347,7.9790354
97,17,0,384.56317,256.0478,474.54755,358.91003,17.062098
97,16,0,206.09802,210.74542,243.16678,331.64502,1.2866892
97,18,0,239.07773,209.762,268.4987,335.45596,5.085749
97,15,0,456.29205,211.85014,486.53363,289.88776,1.6501507
97,6,0,98.77338,185.45859,131.41216,301.74954,9.659274
97,12,0,270.71173,247.9267,398.8499,359.05273,14.08048
98,17,0,383.63904,257.41473,473.9757,359.37897,5.328451
98,16,0,206.34805,210.87865,242.90811,331.8506,0.7625615
98,18,0,238.94635,209.83176,268.547,337.39566,4.525148
98,12,0,266.02097,250.23315,396.14896,357.98383,16.862862
98,15,0,455.98108,213.01678,486.79443,287.57513,2.580961
98,6,0,98.91794,179.87598,131.60117,301.0218,14.218142
99,17,0,380.51532,259.45706,473.88007,359.5643,8.808615
99,12,0,265.16592,250.09137,396.6719,359.50494,3.1921833
99,18,0,239.35071,209.873,269.23343,337.56097,2.4978876
99,16,0,207.03748,210.61534,242.93478,331.9795,1.6393456
99,15,0,456.4287,214.56433,486.56696,287.38623,3.0968187
99,6,0,99.0197,180.12958,131.69368,299.95956,1.8711777
100,17,0,379.15988,260.73642,472.5859,359.277,6.3657737
100,12,0,270.30038,250.24683,395.8033,359.70374,9.631244
100,16,0,207.57623,210.86755,242.44781,332.36212,1.4331051
100,18,0,239.02307,209.97037,269.0552,338.9158,3.4600334
100,15,0,457.03537,215.32263,485.79068,285.65802,2.2154157
100,6,0,99.37547,187.06671,131.78758,295.97412,6.717931
101,17,0,377.10712,260.79993,471.9109,359.30762,6.1411643
101,12,0,275.919,249.63916,394.66632,359.65173,10.192315
101,16,0,207.70135,210.39844,242.664,332.37494,1.2821056
101,18,0,238.26633,210.15414,268.8929,339.23526,2.3575382
101,15,0,456.94177,216.41322,485.2738,288.27954,8.46441
101,6,0,99.066605,180.03406,131.9816,294.85242,18.349125
102,17,0,373.19244,261.21973,470.9135,359.83948,11.25762
102,12,0,271.6659,250.83878,386.1117,358.82486,28.829615
102,16,0,207.55724,210.74062,242.72542,332.47058,1.0024831
102,18,0,237.85205,208.95541,268.88806,337.61838,6.404934
102,15,0,456.15836,216.99283,485.65408,292.54654,10.942551
102,6,0,98.91795,175.01562,131.5778,298.3383,3.6654577
103,17,0,371.19635,260.45447,470.77533,359.91205,5.0487094
103,12,0,265.99683,251.01709,382.24915,359.46466,21.524988
103,16,0,206.90298,211.284,242.78238,332.88934,2.5480728
103,18,0,237.57498,209.06998,269.31406,338.54343,2.3630052
103,15,0,455.8506,216.32468,484.2898,290.22354,7.710233
103,6,0,98.997284,175.35294,131.60132,302.09668,9.218235
104,17,0,368.98697,260.32272,469.84213,359.95627,7.073542
104,12,0,254.41403,251.75409,380.1921,359.65436,30.760368
104,16,0,207.45392,211.02975,243.55292,333.49594,3.0771935
104,18,0,236.7875,209.26581,269.37497,339.16888,2.4672241
104,15,0,456.07837,216.49045,484.36908,290.17703,0.7411839
104,6,0,99.08647,175.51038,131.66508,304.5351,5.8508058
105,17,0,367.81003,260.02344,469.43497,359.44263,4.0061655
105,16,0,207.88547,211.30481,243.24734,333.59192,0.8816308
105,18,0,236.0004,209.74109,268.72922,339.0066,3.2999556
105,12,0,261.78845,252.35602,370.99622,359.62592,4.296644
105,15,0,455.85596,216.26617,484.2719,288.06616,5.30305
105,6,0,99.37656,177.20697,131.4874,309.0605,14.00175
106,17,0,365.16858,260.91177,468.1153,359.45926,9.142158
106,18,0,235.89893,209.43756,268.86667,339.23645,0.1844693
106,16,0,208.8049,211.1709,243.24109,333.94635,2.11371
106,15,0,455.08185,216.31906,482.8681,287.40836,5.085822
106,12,0,244.30756,252.69159,362.67786,359.93988,58.06672
106,6,0,99.49217,175.7008,131.40468,313.66827,6.9790454
107,17,0,359.95453,262.5509,462.63293,360.0,24.561615
107,16,0,208.77576,212.16547,243.25171,333.9201,2.1791248
107,18,0,233.85544,209.55634,267.7203,333.12317,15.278353
107,15,0,453.12775,216.21399,482.0158,286.22357,6.949401
107,12,0,251.23282,253.858,345.62582,359.58255,22.857838
107,6,0,99.93884,182.14595,131.7453,308.82794,4.021905
108,17,0,357.258,264.15833,460.16376,360.0,12.172556
108,16,0,208.75208,211.02039,243.55295,334.13037,2.194086
108,15,0,452.55347,215.91399,481.29706,285.59393,3.583178
108,18,0,235.38812,209.40292,266.1858,312.60104,46.51996
108,12,0,239.38312,256.49518,341.64386,359.33722,36.025482
108,6,0,100.28792,190.71779,131.99864,305.4735,11.817159
108,11,0,148.66608,202.3841,181.60278,265.7789,29.639294
109,17,0,357.04764,267.74927,457.92294,360.0,9.782484
109,16,0,208.74728,211.0363,243.0068,334.47125,1.4768684
109,1,0,284.64716,225.39455,358.0849,359.12695,10.785916
109,15,0,451.29782,215.79048,480.8787,285.45148,3.8137767
109,12,0,235.17307,257.65518,334.62643,359.74045,25.505508
109,18,0,233.37216,210.099,265.52963,287.4256,55.40575
109,6,0,99.93259,183.71732,131.5597,305.6404,15.479015
109,11,0,148.74619,202.21735,181.32602,266.1922,0.7095921
110,17,0,355.74338,269.06335,454.76944,360.0,10.456686
110,1,0,285.5592,224.96204,356.12183,359.8568,2.4576337
110,16,0,208.70926,211.94092,242.03827,334.2378,2.722033
110,15,0,451.18295,215.74802,480.87393,284.18747,2.951827
110,12,0,234.77972,259.88123,326.73187,359.7079,19.289822
110,18,0,231.72665,210.5505,265.59686,286.9808,3.551157
110,6,0,99.807465,193.72491,131.92554,307.08093,25.763964
110,11,0,148.80066,202.31409,181.5126,266.31598,0.7350933
111,17,0,354.00635,270.89307,452.4961,359.9348,9.85815
111,1,0,284.2783,227.61847,355.27078,360.0,7.917675
111,15,0,450.70026,215.23625,479.65472,284.72284,3.8296533
111,19,0,333.49158,222.75815,359.30164,313.6381,
111,18,0,231.5015,211.01343,265.59488,282.04303,10.081383
111,12,0,225.0075,260.41666,319.79218,359.53452,37.61063
111,16,0,208.7796,213.51443,241.64322,318.7186,31.38628
111,6,0,99.81821,194.21033,132.14037,302.90588,8.317182
111,11,0,149.12662,202.84122,181.68298,266.4933,1.9388984
112,20,0,0.0,242.96765,120.48566,358.48083,
112,17,0,348.8567,272.99847,445.6361,360.0,27.459496
112,1,0,280.7099,226.71384,351.78766,359.35373,16.245115
112,19,0,334.53378,222.74571,358.83298,320.47778,15.415467
112,15,0,448.93582,217.01839,479.19315,285.00946,6.837468
112,16,0,209.5346,213.27621,241.75992,274.67667,99.64964
112,6,0,99.573685,193.57504,132.73337,302.3923,2.7012453
112,18,0,237.41745,211.45276,266.5518,265.948,38.47021
112,12,0,201.89572,263.47223,306.1866,359.47076,82.887825
112,11,0,149.09091,204.01715,181.4484,266.56592,2.8743477
113,17,0,346.03583,272.97845,441.98163,360.0,14.569589
113,1,0,274.0528,228.51773,349.5581,359.73904,20.592764
113,16,0,209.46524,211.25043,240.98087,272.7024,9.200355
113,6,0,100.69603,193.82465,132.50887,294.94812,16.31337
113,19,0,335.07245,223.02405,359.07965,319.70776,2.0847752
113,15,0,449.91187,217.18964,479.011,286.00165,3.1691258
113,21,0,354.54095,215.82849,384.5807,329.3098,
113,18,0,238.45566,211.54752,266.49393,264.94843,3.001681
113,20,0,17.826065,243.04079,142.66641,357.68982,90.02983
113,12,0,188.57178,264.58295,295.128,359.21423,54.89443
113,11,0,149.12045,204.7031,181.55032,266.36478,1.1302022
114,1,0,269.43906,228.49603,348.301,359.73828,13.209507
114,17,0,342.19077,273.48322,439.6439,360.0,13.957583
114,20,0,41.43657,240.77086,156.17778,358.77344,83.56684
114,16,0,209.2879,211.70346,240.46939,268.15695,9.337435
114,19,0,334.88312,223.75056,358.76886,318.72333,1.266117
114,6,0,102.85954,194.52432,133.03351,291.74164,8.270167
114,12,0,179.26834,261.76746,287.2994,359.50928,38.961964
114,21,0,354.30984,216.73901,384.8771,325.36456,6.8297205
114,15,0,450.30457,216.85686,478.1371,285.98517,1.3378049
114,18,0,237.11908,211.89642,266.60614,267.19205,6.4509807
114,11,0,149.19588,205.29187,182.08492,267.0951,3.269957
115,17,0,339.2888,273.46918,435.4761,360.0,15.906998
115,1,0,256.32806,228.36465,346.28522,359.8724,34.035233
115,12,0,170.97775,258.2177,278.0962,359.11432,40.349335
115,20,0,59.69424,242.36502,170.52515,358.61765,73.43269
115,16,0,209.6648,212.21826,239.93707,260.8803,15.21816
115,19,0,335.56677,224.56519,359.11072,316.03473,4.806482
115,18,0,237.13837,212.10464,266.86945,274.53696,17.006433
115,21,0,355.08044,219.357,385.01697,318.22882,10.3693285
115,15,0,450.92535,216.70598,477.62164,286.9124,1.7628342
115,11,0,149.20752,204.76212,182.33112,267.92484,0.89003265
115,6,0,103.93782,193.66003,133.85588,269.25427,52.71497
116,1,0,248.38025,228.79005,345.485,359.37817,19.683714
116,17,0,336.19583,272.14133,432.77444,360.0,13.375809
116,12,0,159.77469,255.32355,268.40143,359.4676,47.36639
116,19,0,335.23108,224.75128,359.26514,310.61072,11.792364
116,20,0,80.362274,241.04083,161.10014,337.24982,56.980255
116,16,0,210.47688,213.19516,239.55669,258.52646,3.2468414
116,21,0,354.82324,218.84775,385.24512,307.33475,25.657555
116,18,0,236.84601,212.58124,267.1836,288.75806,33.069847
116,11,0,149.31989,204.64322,182.78522,268.55298,1.7138702
116,15,0,451.34534,216.61433,477.84302,286.883,1.4685504
117,1,0,249.47345,229.25742,340.87146,359.46,8.016539
117,17,0,332.45636,271.198,423.30035,359.94556,29.81516
117,19,0,334.08807,224.19478,359.2519,313.14996,5.164287
117,12,0,137.99957,254.61298,249.18695,359.93878,92.22815
117,6,0,102.16934,194.78195,134.55498,290.02667,49.320942
117,16,0,211.2355,213.04517,239.44702,269.94427,25.394611
117,15,0,451.62543,216.44803,476.7464,285.9539,3.0740428
117,18,0,232.75812,212.48708,267.52386,333.03394,99.7658
117,11,0,151.93033,204.44919,183.0857,262.55402,15.396745
118,1,0,247.28265,229.07623,338.34772,359.37366,10.624775
118,22,0,0.29525757,254.49725,130.41486,359.06476,
118,17,0,330.1204,271.1275,418.5751,359.94745,15.888491
118,12,0,121.94556,254.43048,242.60483,359.73584,50.938694
118,15,0,451.63556,217.24374,475.42694,286.46,4.154323
118,18,0,231.16956,212.94827,267.73932,340.85703,18.893982
118,19,0,334.3872,224.40472,359.60913,312.11078,2.379513
118,16,0,210.71674,215.20137,240.06354,281.08344,29.915344
119,1,0,246.99208,229.28384,336.7379,359.38028,4.302963
119,22,0,20.273113,253.7898,120.40303,359.47015,22.433874
119,17,0,325.90173,272.9088,411.5404,359.99072,25.650705
119,12,0,112.993675,255.05212,234.69351,359.32483,37.945137
119,15,0,452.09882,217.84175,474.93317,287.39044,3.4396803
119,18,0,230.77112,212.89594,267.61194,343.9826,7.015276
119,19,0,335.9533,225.05637,360.07428,318.54965,16.59539
120,1,0,245.78078,229.647,335.00452,359.75998,6.8331537
120,17,0,323.87683,273.55255,404.77417,360.0,19.834555
120,15,0,452.3334,218.11104,475.1215,287.97052,2.134865
120,22,0,37.57271,248.48074,149.76234,358.49088,105.93168
120,18,0,231.55368,213.14326,267.69254,334.3415,21.225086
120,12,0,101.350235,253.28177,225.0988,359.5447,47.91303
120,16,0,209.5072,216.20831,241.03268,331.5802,115.884636
121,1,0,244.34062,231.03218,336.43585,360.0,3.6567152
121,17,0,324.99554,274.9145,398.40485,360.0,12.204831
121,15,0,452.80908,218.8255,474.84827,286.63757,1.4642154
121,18,0,231.34366,213.18512,267.57776,334.33734,0.7357083
121,12,0,80.6181,249.06958,220.93573,359.0398,57.01085
121,21,0,357.836,218.2667,386.5036,278.45145,66.98775
121,16,0,210.77605,216.53923,240.55629,318.26495,29.269064
122,1,0,241.57391,232.6946,326.6842,360.0,28.41361
122,12,0,66.65932,251.03244,205.33986,359.46548,66.71478
122,20,0,183.51071,238.14046,243.48483,359.52557,419.7197
122,17,0,320.88538,280.32587,386.2295,359.85345,38.509632
122,18,0,229.90579,213.4143,265.8981,314.2069,45.323875
122,6,0,101.87868,193.2156,135.03662,259.2695,72.72918
122,21,0,359.73926,218.55801,387.188,294.40433,37.010277
122,15,0,453.27997,218.76642,475.38733,287.89178,3.5206068
122,16,0,210.61487,215.7142,240.78229,304.54623,32.72379
123,1,0,239.96342,233.51642,322.14618,360.0,13.957156
123,12,0,52.42624,252.60089,201.8081,359.78033,40.194855
123,17,0,315.6441,281.30054,380.48798,359.50293,24.751143
123,20,0,184.05322,238.19748,245.02338,359.37668,4.686932
123,21,0,359.89203,218.54443,387.5036,304.20813,22.053194
123,6,0,102.05072,193.02148,135.24496,258.42874,2.4807956
123,18,0,231.78613,213.10715,265.8871,308.2192,14.774749
123,15,0,453.5476,218.68933,475.38953,288.1092,0.6843158
124,1,0,238.09512,233.4998,316.47104,359.5135,17.010487
124,12,0,41.606537,254.70087,189.0857,359.43854,53.11727
124,17,0,306.388,281.339,374.08234,360.0,35.259514
124,21,0,359.75293,217.43576,388.66376,311.65347,14.441415
124,19,0,332.84732,227.21413,362.4316,287.57434,64.861404
124,6,0,101.691864,193.10837,135.1687,258.28003,0.9888535
124,18,0,232.67026,213.26129,265.52634,302.63892,12.2654915
124,15,0,453.79956,217.68951,475.38513,287.28973,4.131092
124,20,0,193.70453,236.25494,247.86234,359.25806,28.483175
125,12,0,30.436203,255.78442,186.5105,358.46228,30.928385
125,1,0,235.14014,235.44954,307.89233,358.9826,26.146421
125,21,0,359.57172,218.1707,388.67767,312.8747,4.4174647
125,17,0,296.17053,281.48322,367.54944,359.27582,37.710907
125,23,0,155.31815,247.52979,221.42047,359.58826,
125,18,0,232.01889,213.59743,264.95294,292.10144,23.11788
125,19,0,334.3728,229.93774,363.73535,290.8767,14.978511
125,6,0,100.71858,193.80804,135.204,260.9618,7.8955297
125,15,0,453.63605,218.72592,475.17157,287.1652,2.220197
125,20,0,200.00864,236.87302,248.7969,356.57822,16.934795
126,12,0,17.92868,259.54675,177.75305,358.60352,48.64564
126,1,0,233.07906,236.13437,305.0334,358.59622,11.090448
126,21,0,360.36115,215.92326,389.5318,314.31195,4.1228843
126,23,0,160.95605,246.55136,230.09985,360.0,32.23913
126,17,0,289.77075,282.78418,358.37366,359.59314,35.23366
126,6,0,102.02615,194.58975,134.85449,267.45102,16.501015
126,18,0,231.27371,213.52216,264.35312,289.09845,7.5583367
126,19,0,333.2199,230.48,363.3985,290.13477,3.3819125
127,23,0,156.79742,245.56958,241.65027,358.96222,17.241114
127,1,0,228.64691,235.37025,302.43164,359.65845,15.840424
127,12,0,0.17202759,263.1267,169.48123,357.19336,58.7672
127,21,0,361.2598,215.59053,389.6788,312.22626,5.928367
127,17,0,271.53717,276.83197,341.8559,359.76385,79.26522
127,6,0,102.33005,193.61191,134.99014,274.39105,13.451328
127,19,0,336.5678,228.25757,362.90924,302.5821,23.888252
128,23,0,162.7236,244.1001,245.83682,359.38586,22.874998
128,12,0,0.14460754,264.819,163.05252,357.1837,15.011535
128,21,0,362.00137,215.56322,389.53506,313.088,2.3096845
128,6,0,102.70297,193.92416,135.3377,284.1065,22.62051
128,17,0,259.86234,277.9959,334.1633,359.86725,43.669914
128,1,0,226.42606,236.08417,300.50858,358.6612,9.345591
128,19,0,337.24457,227.90735,363.32147,322.57703,44.268463
129,23,0,162.2008,244.67426,249.3736,359.6939,7.0659804
129,12,0,0.0,265.96722,157.76523,358.6021,13.517469
129,21,0,362.68234,215.66724,390.1769,312.11792,3.5575264
129,6,0,102.99025,193.98318,134.95479,287.6774,8.170139
129,24,0,475.4448,223.08762,499.9904,295.88425,
129,17,0,225.71315,277.7257,333.06567,360.0,79.305954
129,19,0,337.29822,227.70323,364.1126,323.8806,3.1197517
130,23,0,171.51141,243.14648,255.58087,359.48804,35.132454
130,12,0,0.15660095,267.99408,157.4761,358.46307,4.258042
130,6,0,102.67439,194.1394,134.92584,297.41364,22.271542
130,21,0,363.1949,216.3067,390.15265,313.79395,5.3244314
130,24,0,475.01627,224.39952,500.0447,298.1814,8.16394
130,17,0,222.84006,276.94135,322.36948,360.0,30.581835
130,15,0,452.67816,219.2359,474.47174,291.21954,10.926093
130,19,0,339.87042,229.5528,366.17865,315.7202,17.621992
131,23,0,173.12946,242.36293,253.81192,358.8507,3.2150023
131,12,0,0.20780945,268.92987,154.07555,358.25812,7.713354
131,6,0,102.50691,194.18323,135.01587,305.06995,17.326178
131,24,0,473.88098,224.32181,500.05682,300.462,5.563551
131,21,0,363.5744,216.92792,390.39154,315.3753,5.147422
131,17,0,221.40414,277.41125,316.89395,359.71356,15.556214
131,15,0,452.49115,219.44974,474.3816,293.99283,6.749893
131,19,0,340.2429,229.44614,365.1525,313.5187,5.397627
132,25,0,323.24643,229.32416,350.17252,326.25916,
132,12,0,0.36561584,273.76428,137.73505,358.42853,38.11262
132,24,0,473.50793,224.4,498.93292,298.80685,4.892223
132,6,0,102.830154,193.93768,134.85384,321.0827,35.47808
132,15,0,452.6201,219.06346,474.36392,292.89954,3.3383949
132,21,0,364.02966,216.62766,392.21704,314.39175,5.8888354
132,17,0,209.33789,276.3515,303.15308,359.47766,58.139168
132,20,0,247.61876,232.11499,337.234,358.27496,306.18378
132,19,0,343.17502,226.6861,365.63242,315.39984,7.9277143
133,12,0,0.19291687,220.28821,125.64374,357.78998,124.845566
133,25,0,324.2992,229.55743,350.30847,326.813,3.2078073
133,20,0,237.67302,231.53035,337.38373,357.63666,22.212143
133,21,0,364.0752,216.71439,394.1701,314.85648,4.664878
133,6,0,103.26901,193.93394,134.77684,324.99,8.820677
133,24,0,473.2654,225.08926,498.67746,298.8975,2.082004
133,26,0,430.5641,226.03247,459.61987,283.3947,
133,15,0,452.11505,218.523,474.4649,291.20453,5.111315
133,19,0,344.0831,227.02437,366.46323,314.0362,4.5420866
133,17,0,197.42926,277.3139,298.35773,359.0949,37.606575
134,12,0,0.06917572,220.22293,111.77926,357.41898,31.488796
134,25,0,324.41003,229.74576,350.74902,326.4667,1.2905347
134,20,0,238.27711,232.91716,335.84253,358.81635,6.1476026
134,17,0,202.2096,277.40106,294.8586,359.82294,3.4167795
134,6,0,103.30037,193.88466,134.79826,325.53345,1.1181407
134,24,0,472.1048,224.54909,498.55347,300.38123,3.586254
134,21,0,363.11694,217.49063,396.02576,319.37625,12.085906
134,15,0,451.9256,218.23961,474.31232,291.64868,0.850363
134,26,0,431.2329,226.16582,459.82227,283.57257,2.0815525
134,19,0,343.52753,227.88716,367.2751,312.92963,0.7958412
135,12,0,0.059562683,220.76373,99.12428,357.59412,28.540821
135,17,0,193.96747,278.19067,290.9501,359.53845,27.362541
135,20,0,236.74979,232.99356,331.45425,358.72104,13.310143
135,26,0,431.1801,227.49149,464.1662,284.741,11.167414
135,19,0,343.0015,227.42401,368.57858,313.66302,1.8519775
135,25,0,324.8066,232.38388,351.3961,326.22696,5.8851132
135,24,0,471.88937,224.47745,498.28043,300.05783,1.4134547
135,6,0,103.32367,194.0502,134.95515,324.7446,1.459833
135,15,0,451.66718,217.98892,473.5238,291.1617,2.8816109
135,21,0,364.65817,219.35194,396.04074,312.6659,11.458485
135,18,0,223.05374,213.44113,257.1152,280.43784,39.95651
136,17,0,196.4425,278.06436,290.11267,359.39682,3.7336035
136,19,0,343.6709,228.3945,369.03845,313.75357,3.486449
136,15,0,451.55954,217.54514,473.51437,291.78012,0.4730194
136,25,0,324.93573,231.90703,351.30658,326.85492,0.3515136
136,26,0,430.49316,227.53876,462.5912,286.5102,6.5273385
136,21,0,365.27448,219.90018,398.19556,298.18277,31.967413
136,20,0,228.46191,233.19592,329.11658,358.6745,23.910055
136,6,0,103.31479,194.09134,134.97214,324.17593,1.1870754
136,24,0,469.70193,222.92464,498.47537,298.9488,7.481226
137,25,0,325.91217,230.65964,351.8935,325.85092,6.1671743
137,15,0,450.7878,217.525,475.81638,294.5189,7.0193777
137,17,0,190.86685,281.35388,286.2022,359.67676,22.80477
137,19,0,345.1643,228.72049,369.80737,314.3925,5.5338907
137,26,0,429.46228,228.5225,461.18323,286.27118,5.7375474
137,21,0,364.8376,220.50134,396.94708,316.53326,42.80952
137,24,0,471.48126,223.66705,497.41803,299.89294,4.1278944
137,6,0,103.28935,194.4241,134.96526,322.7892,2.3725135
137,27,0,0.018447876,222.87996,69.50203,312.06525,
138,19,0,344.9201,228.94461,370.46234,315.192,2.4816678
138,15,0,450.6753,217.21947,475.4757,291.87207,6.72055
138,25,0,326.40497,230.46167,351.7614,325.388,1.6940739
138,26,0,428.78766,228.89264,460.9665,284.8523,3.0968616
138,6,0,103.35858,194.45581,134.7778,323.19775,1.0256501
138,24,0,471.9495,222.32141,497.2515,299.35822,4.284945
138,21,0,365.3014,220.7404,395.94098,302.11713,31.92172
138,17,0,189.0238,281.46082,286.29132,359.57117,3.946359
139,15,0,450.12708,217.26068,475.53467,290.92914,2.3083029
139,6,0,103.02663,194.61389,134.8468,324.69342,3.7676756
139,24,0,472.31952,222.0199,497.40314,299.1187,1.6909987
139,26,0,428.64282,229.65483,458.9574,285.09784,5.3505454
139,19,0,345.68634,230.0189,370.72687,313.94238,2.352512
139,25,0,326.59814,232.00534,352.12842,324.79214,2.4772034
139,21,0,366.37372,220.52483,397.17755,295.0489,17.192259
139,17,0,166.8768,283.22485,283.5588,359.65515,56.13313
140,15,0,449.72958,217.31665,475.07236,291.3482,2.2101822
140,26,0,428.00894,229.59044,459.6802,285.82214,1.4982232
140,6,0,102.74527,194.31906,134.89816,323.33426,3.7572885
140,24,0,471.9555,222.17596,497.27173,299.1126,1.164649
140,25,0,326.3226,230.49197,353.33334,319.25766,15.994945
140,19,0,348.2154,229.8193,372.13312,311.29288,10.931411
140,17,0,179.43555,284.79547,282.16583,360.0,25.489973
140,21,0,367.253,219.56754,398.31866,296.3508,4.611518
141,12,0,0.4528656,222.78876,97.69827,358.31445,6.5996346
141,25,0,327.30508,230.88603,354.6122,318.24164,5.276974
141,15,0,449.57715,217.64334,475.6673,288.95615,4.75254
141,26,0,427.98755,229.8565,459.2022,285.4145,1.1679233
141,19,0,349.162,229.94063,372.60095,310.2022,3.8581223
141,6,0,102.40753,194.1933,134.84114,321.79108,3.858743
141,24,0,471.28427,221.94225,496.98544,298.38574,3.0516677
141,21,0,368.10428,219.52829,399.98813,293.83145,8.081414
141,17,0,176.61981,287.6654,276.03265,360.0,21.145159
142,25,0,328.6784,230.57748,356.00842,316.02115,8.438673
142,1,0,162.91559,228.57721,291.09485,359.2276,164.82089
142,24,0,468.9214,221.92352,496.2157,298.307,7.051827
142,15,0,448.56482,218.70459,474.5481,289.47302,5.967338
142,26,0,425.8689,229.11664,456.00464,285.08325,12.201867
142,19,0,350.30164,229.74615,373.72314,311.5055,5.6677756
142,21,0,368.22037,218.41492,401.69333,318.87268,53.99341
142,6,0,101.5854,193.48546,134.73924,305.07666,39.25514
142,12,0,18.768967,223.07397,101.10324,358.87708,48.90962
143,24,0,468.43176,222.59584,496.33557,299.04712,3.2850237
143,1,0,151.0358,227.95473,289.0697,358.2152,31.501616
143,15,0,447.8468,218.33627,474.26843,290.70932,2.9754133
143,25,0,328.47183,230.41895,355.8127,313.8814,5.2497454
143,26,0,425.55386,228.0651,454.11118,284.80936,5.795331
143,19,0,350.96088,229.40057,373.52222,312.5877,1.9520346
143,6,0,101.5078,193.5363,134.22217,301.78815,7.406622
143,12,0,25.577663,222.67523,104.72746,358.86346,23.492403
143,21,0,369.1596,218.5727,402.98773,302.5514,36.713512
144,24,0,468.07758,222.94797,495.49835,298.52695,2.707193
144,1,0,143.13068,227.44379,285.04913,358.4004,26.84281
144,25,0,329.0893,228.09698,356.19916,317.66956,3.9981244
144,27,0,24.394783,219.62743,73.66387,318.92822,64.722725
144,15,0,447.43732,218.20242,473.08698,290.3206,3.7677865
144,26,0,424.18652,225.23004,456.33557,285.1233,5.991332
144,22,0,253.9567,235.32233,329.9514,357.80872,892.8326
144,6,0,101.30728,193.34541,133.83844,297.5396,10.074897
144,11,0,149.42726,203.6897,184.049,269.29645,13.900275
144,19,0,350.66943,227.93158,373.83856,314.25995,0.4607256
144,21,0,369.98392,218.56909,402.91855,311.2138,19.556274
145,1,0,135.92087,226.0798,282.56,358.91617,21.905916
145,24,0,467.5511,223.05994,494.92633,297.68195,2.971416
145,18,0,227.09131,213.97833,261.45386,307.42487,64.73373
145,27,0,27.128296,218.86812,78.724335,358.1214,88.23632
145,12,0,42.57635,228.40627,114.583435,359.47205,62.083828
145,22,0,257.43622,235.8025,337.47473,358.44214,24.882921
145,6,0,101.69342,193.75154,133.71492,312.52435,34.6345
145,26,0,423.74182,224.80402,455.12665,284.7652,4.117758
145,19,0,350.32104,227.93292,374.68994,314.1502,1.1577116
145,15,0,447.58807,218.3913,472.59723,288.93512,2.7982905
145,11,0,149.5101,203.73041,184.043,269.48285,0.53945905
145,25,0,329.13165,229.97064,356.10986,315.01782,1.7538537
145,21,0,370.76685,219.90936,401.7599,297.88293,26.992092
146,27,0,31.006271,218.6459,82.01864,356.75223,16.53008
146,1,0,121.80843,225.88821,280.49374,358.876,36.405766
146,18,0,225.46439,214.2094,261.91153,308.38934,3.762618
146,24,0,467.22437,223.23328,495.2672,299.024,3.4097557
146,25,0,329.1748,228.75475,355.67883,315.59082,1.689372
146,22,0,257.13672,232.03772,329.69214,357.7536,20.762535
146,12,0,43.43763,226.9042,113.34374,358.12985,6.455928
146,26,0,422.487,224.6201,454.659,284.54822,3.9791408
146,6,0,101.8156,193.61386,133.65071,321.01822,18.801903
146,19,0,352.09424,226.79028,374.89832,311.60266,9.424272
146,15,0,447.11395,218.59163,472.15106,288.95868,2.1310375
146,11,0,149.3422,203.6171,182.99094,268.94016,3.1166131
146,21,0,370.77597,220.16049,401.17892,315.8477,41.005924
147,27,0,39.28601,217.97708,90.435486,355.60117,37.789818
147,18,0,222.56143,214.10803,262.47095,309.69116,5.924475
147,26,0,421.9304,224.70737,454.8704,284.45468,0.7768621
147,1,0,154.2106,225.44601,274.75388,358.70468,60.00604
147,19,0,352.81378,229.70404,376.5688,310.00958,6.143926
147,12,0,60.3845,228.67676,118.5151,357.88354,49.88435
147,6,0,104.841995,193.70148,133.77654,304.7959,36.98943
147,24,0,465.9356,223.17166,493.53442,300.53293,7.5381684
147,25,0,330.27814,231.45258,355.8924,312.6432,3.015856
147,15,0,446.83398,219.14304,472.46155,290.69852,5.1557913
147,23,0,258.68582,232.52417,326.9435,347.2633,360.28778
147,17,0,93.45772,303.06317,216.08745,359.74847,323.7898
147,21,0,372.82077,219.61658,401.07016,296.23627,45.55823
148,27,0,43.83946,218.55583,92.91365,358.66583,17.81884
148,1,0,151.3483,226.01556,272.67526,359.0401,11.301998
148,18,0,221.12573,213.90594,262.9959,311.11047,3.4204993
148,26,0,422.0459,224.60934,454.46094,284.79636,0.85904723
148,24,0,466.16562,223.41089,493.676,300.84003,1.4866098
148,23,0,256.78003,232.34052,345.70227,351.79102,39.15861
148,6,0,105.52557,193.4238,133.15802,287.9916,38.43471
148,19,0,353.98267,229.17107,377.3,308.5999,6.114092
148,25,0,330.43942,231.55399,356.97787,310.75082,4.909921
148,17,0,78.05761,310.08813,202.25305,359.46912,67.50596
148,21,0,372.92474,219.93558,401.00677,297.1597,2.7969625
148,15,0,446.4042,219.39114,472.08554,290.368,1.822473
148,12,0,68.17174,227.72057,123.325516,334.3916,61.881603
149,1,0,152.03668,226.00142,270.36053,359.13947,3.6642897
149,18,0,218.48596,213.85284,262.72134,312.90448,7.6381173
149,27,0,47.065044,218.9561,97.76164,354.55157,19.995447
149,24,0,466.17322,222.99207,494.50598,299.39276,4.6022468
149,12,0,79.37178,226.04253,129.61578,316.56146,58.951714
149,26,0,421.52948,224.97412,453.8686,285.30542,3.1763718
149,19,0,355.72226,225.59308,376.31516,309.38196,6.516092
149,25,0,331.596,231.58923,356.91803,312.0979,3.9702525
149,23,0,258.07315,231.05438,339.38284,350.13733,13.101549
149,17,0,57.24301,314.24078,185.25452,359.43365,85.582405
149,6,0,105.736496,193.48764,133.77184,277.73157,23.01637
149,15,0,446.30518,219.1175,471.62793,290.5396,1.2733154
149,21,0,373.3819,219.4886,400.83588,301.60065,9.009456
150,1,0,143.70169,227.14651,269.38388,358.3312,20.964907
150,18,0,216.35553,212.39386,260.79938,313.44812,9.347602
150,12,0,86.33864,224.74605,134.64471,319.48053,27.236305
150,26,0,421.3291,226.51181,453.54333,285.2123,3.4587872
150,24,0,466.67023,223.10608,494.78027,297.75006,3.8525546
150,19,0,356.636,226.26164,376.54297,305.5323,7.6043534
150,23,0,260.48395,230.64598,337.0501,346.37427,9.387401
150,15,0,446.06567,218.74547,471.49622,289.32825,3.659191
150,25,0,332.30713,232.07333,357.698,311.93704,3.432877
150,21,0,372.28198,220.57843,401.06982,308.24347,17.507257
150,6,0,105.27258,193.51163,134.99524,266.28867,25.749325
150,27,0,51.3713,220.80582,102.465385,341.73898,31.928202
151,1,0,136.3479,227.7981,268.05066,358.37006,19.607412
151,18,0,214.41464,212.27295,260.83408,315.78497,6.576761
151,27,0,55.200645,220.42715,103.93252,323.11606,44.383377
151,23,0,260.4225,231.68597,332.0688,340.0741,16.395588
151,26,0,421.4464,226.50986,453.38,285.2662,0.15614004
151,12,0,85.34787,224.22253,138.45872,326.58887,16.120241
151,19,0,356.65906,225.72617,376.76898,304.86295,2.7682023
151,24,0,465.9979,222.77818,494.8721,296.86694,3.0216284
151,15,0,445.82397,217.5856,471.24658,289.8362,1.8367542
151,25,0,333.27026,232.139,358.50085,311.73843,3.984722
151,21,0,371.708,220.44397,401.1056,306.6258,4.1241026
152,1,0,125.57562,229.70938,265.53534,358.45102,30.231268
152,18,0,212.53305,212.19247,259.8751,321.04337,13.288283
152,27,0,0.0,221.60843,124.01801,357.57864,112.58003
152,26,0,421.7013,226.50418,453.55603,284.44406,2.0998268
152,24,0,467.62796,222.40424,490.3796,297.46252,6.4597344
152,12,0,67.508865,220.78413,149.40771,352.60016,53.102238
152,19,0,357.03418,224.72725,377.00214,303.31635,5.8887
152,15,0,445.45325,218.10196,470.86304,291.29324,4.753409
152,21,0,372.1062,219.80603,401.8451,306.37854,3.2433705
152,23,0,266.0182,233.60402,326.98175,337.05347,2.7321236
153,1,0,123.91454,229.4743,263.77783,358.47876,7.7059364
153,27,0,1.4195557,221.0841,130.97198,358.70374,18.888866
153,18,0,210.9466,212.65672,260.0899,324.59473,9.547705
153,26,0,421.8603,226.2785,452.53265,284.62018,1.9480488
153,24,0,467.4215,222.37524,490.65546,295.96277,3.4432242
153,12,0,94.51366,221.22311,152.51198,333.03024,80.26376
153,21,0,372.0031,220.46365,401.73956,305.394,0.87254745
153,19,0,356.51282,224.3515,377.1726,303.63605,0.7995069
153,15,0,446.18262,222.68831,470.2849,291.8277,11.526798
154,27,0,27.489319,221.41718,155.98828,359.75165,114.98562
154,1,0,121.02701,230.45062,261.04666,358.46637,12.826796
154,18,0,210.90216,212.51393,260.08762,327.7439,6.7650986
154,26,0,421.74554,226.45805,451.7348,284.50287,2.058117
154,24,0,467.11102,222.92233,492.3199,295.41727,3.0463736
154,21,0,372.37845,219.2911,401.2263,304.17514,5.389635
154,12,0,108.234856,222.22244,157.7099,312.43405,61.288055
154,15,0,445.73016,222.63309,470.39325,291.37344,1.3832759
154,23,0,270.12567,233.81247,343.58124,340.139,47.176502
154,19,0,356.0478,224.34338,377.6845,302.0711,3.5409539
155,1,0,118.90027,231.5075,257.8419,357.90906,12.0484495
155,27,0,47.6512,221.37851,157.39082,359.44058,48.526333
155,18,0,210.66165,212.12158,260.11746,329.90985,4.018697
155,24,0,465.64264,222.42505,492.43396,296.839,3.6894097
155,26,0,421.8261,226.6226,451.71832,285.59857,2.839235
155,23,0,283.96844,234.81989,343.77216,343.24493,32.904205
155,15,0,445.53198,222.30058,469.537,294.44623,6.6063733
155,19,0,356.38855,224.1423,377.29968,298.10648,9.373373
155,21,0,373.0384,219.21262,401.33734,301.95938,5.445752
156,1,0,116.06021,231.14899,256.9277,358.11713,8.453825
156,27,0,68.00574,221.49464,154.37564,358.53125,39.054348
156,18,0,210.88507,212.58984,259.41254,332.2976,6.516727
156,26,0,421.5626,226.2745,451.24973,286.27573,1.8059843
156,24,0,464.6751,222.18056,490.891,299.21497,7.409904
156,23,0,279.96857,234.6875,342.90094,335.4048,21.021414
156,19,0,356.35486,224.48114,377.45605,298.62195,1.9419135
156,15,0,445.84192,222.55896,469.70093,294.27136,1.0826473
156,21,0,373.43628,220.87646,401.24298,302.7149,5.4862604
157,1,0,112.15823,231.83939,255.29565,358.66605,12.759974
157,18,0,209.46606,211.52176,258.63663,334.1064,5.212199
157,24,0,463.5854,221.91916,491.66962,301.80417,5.28416
157,26,0,421.35483,226.4446,451.62534,287.56177,3.2979548
157,23,0,286.13873,234.57901,345.14722,330.03647,22.593397
157,19,0,356.4434,225.20212,378.8351,301.9636,9.719041
157,21,0,376.23688,218.11232,401.96967,297.69482,19.228764
157,15,0,445.67197,222.0879,468.78854,295.1167,2.5767446
158,1,0,108.4048,230.77293,253.4694,358.22888,13.0021305
158,18,0,208.63266,211.16528,258.83212,335.67578,3.083429
158,26,0,420.98993,225.92267,451.17987,287.29163,2.5495963
158,24,0,464.40604,222.44577,491.3043,301.37033,1.0455245
158,19,0,356.30292,224.99815,378.89545,303.5553,3.1276534
158,23,0,288.63184,234.0032,346.46954,330.52023,8.587214
158,21,0,376.21777,218.1939,401.80298,295.4096,4.975721
158,15,0,443.7934,217.24304,470.117,293.57098,14.431944
159,1,0,105.65818,230.24017,250.19327,358.10126,13.632445
159,18,0,208.20633,211.24237,260.679,343.89777,18.94448
159,24,0,463.5562,222.70139,491.3119,303.16434,4.9858146
159,26,0,420.8955,225.9257,451.38953,287.70404,0.97008973
159,19,0,356.54077,225.10248,379.17834,296.92792,14.723605
159,21,0,377.4721,218.47574,401.8802,291.26248,9.198487
159,15,0,444.14,216.78586,468.48157,294.5491,3.1277637
159,23,0,288.1319,233.31839,346.47968,329.5013,3.9886765
160,1,0,103.349266,232.01651,248.60318,358.45273,9.994069
160,24,0,462.32837,222.69188,490.66113,300.5935,7.1814146
160,18,0,207.48206,211.80112,260.58942,312.31833,69.82057
160,26,0,420.61462,227.21747,451.83307,288.893,5.59359
160,23,0,284.91824,232.71515,347.9681,329.67932,3.9979184
160,21,0,378.28055,217.91324,402.06497,291.2164,2.620905
160,15,0,443.09296,215.9385,468.6776,294.99515,2.1169977
160,19,0,356.5714,226.07239,379.794,290.61407,12.111465
161,1,0,101.02541,232.75397,246.50522,357.94556,9.962564
161,24,0,461.8611,222.92432,490.03183,299.75146,2.8228972
161,26,0,420.70752,226.63199,452.94806,288.6389,3.3098066
161,18,0,189.9591,224.75732,261.6795,341.80438,102.40303
161,21,0,375.10294,217.50436,401.95932,293.7034,8.742756
161,15,0,443.14594,216.31558,466.87103,294.43393,3.9672961
162,1,0,96.191345,236.26251,239.96558,358.62445,27.270159
162,18,0,186.22162,223.64777,284.95203,345.70996,44.401752
162,24,0,462.56308,222.99564,488.51608,301.1956,3.8702645
162,26,0,420.8915,224.43683,453.23422,288.5321,5.2862916
162,21,0,377.67236,217.78702,402.62183,293.37564,7.2725587
163,1,0,94.53637,236.19203,236.46191,359.0464,11.633821
163,18,0,188.76367,224.74854,286.72052,354.6369,24.5586
163,24,0,462.06445,222.60458,487.92627,300.01132,4.308222
163,26,0,420.85165,225.03229,453.62357,288.8913,2.2873766
163,21,0,375.80386,217.52501,402.56223,294.3557,4.629322
164,18,0,193.42679,224.504,294.18094,359.21463,28.967966
164,1,0,91.15186,236.43759,233.5036,358.89682,14.273011
164,26,0,420.40982,224.11002,453.7045,288.88284,2.2460575
164,24,0,461.06476,221.50665,487.38092,301.72632,3.743347
164,21,0,380.04672,217.9511,404.0184,291.00616,14.411533
165,18,0,201.94,224.68013,294.36118,359.22247,19.564644
165,1,0,84.2295,235.65808,227.00385,359.28613,30.212524
165,26,0,419.43628,223.91501,454.0478,288.98605,1.4330229
165,24,0,460.16003,220.45888,486.42834,299.94543,7.613835
165,28,0,275.3764,226.30106,312.81342,305.71317,
165,21,0,376.37714,217.8957,404.5074,292.69635,8.0462885
166,1,0,82.094,234.21765,218.95801,359.26575,23.1426
166,18,0,208.72354,227.48044,298.86334,358.4846,25.813375
166,26,0,419.15326,223.37614,453.27484,288.84332,2.8278677
166,24,0,458.90375,219.3941,485.93762,299.89417,4.6643753
166,28,0,275.1275,225.85916,313.53778,309.35275,7.2739077
166,21,0,375.1839,215.6554,406.6792,290.39154,10.460828
167,18,0,221.90535,223.18318,301.66046,359.24664,36.82195
167,26,0,417.8167,223.44339,453.38593,289.32822,3.024223
167,1,0,72.59247,234.2247,203.99658,359.44485,55.04323
167,24,0,459.68036,218.14737,483.8283,299.13022,5.4275556
167,23,0,306.772,231.2364,374.02682,317.0744,112.363914
167,28,0,274.2777,225.1705,313.12866,308.2338,4.9563046
167,21,0,374.09094,215.94473,407.09558,286.89755,7.369408
168,18,0,227.49275,224.174,306.68195,359.89642,24.153738
168,1,0,69.00847,234.44809,184.87038,359.196,51.097996
168,26,0,418.16547,223.48361,453.10596,289.2197,0.21810222
168,24,0,460.22858,219.01962,482.6978,298.119,1.34692
168,23,0,306.2707,231.81956,358.73907,312.3141,36.747593
169,18,0,234.64948,223.33337,307.97546,359.68335,19.160324
169,29,0,208.19728,212.11003,254.01683,328.58185,
169,26,0,413.45834,223.34789,452.7841,289.31335,11.315627
169,27,0,152.62486,222.90227,213.68385,358.20013,323.84558
169,1,0,64.54939,235.46611,170.28593,359.67914,42.98083
169,24,0,460.33313,219.05653,481.82068,298.44104,1.9167675
169,23,0,305.29004,231.42937,359.00854,311.8803,2.449002
170,18,0,239.21364,225.69504,311.48816,358.54642,18.380634
170,29,0,208.04404,211.78104,253.66281,324.32248,10.386751
170,27,0,155.5234,223.0939,216.27737,358.69876,12.454359
170,26,0,413.41064,223.41437,453.08813,289.66882,1.1108351
170,1,0,54.141785,235.7212,149.19215,358.99988,70.88455
170,23,0,304.50098,230.52914,357.81592,308.45535,10.704516
170,24,0,459.81396,219.20433,481.21606,297.74548,2.8128486
171,18,0,242.0451,224.54385,313.25464,359.2253,10.399845
171,29,0,208.21729,212.10303,253.34335,324.03607,0.3385743
171,1,0,42.664795,236.72975,131.98152,359.3999,64.6249
171,27,0,158.2696,222.91669,218.48695,357.75415,11.432623
171,26,0,414.74945,224.10379,452.34546,290.00436,2.66786
171,23,0,303.82068,230.6991,360.72974,313.1842,12.113883
172,18,0,247.05647,224.47733,315.55463,358.45712,16.557379
172,29,0,208.59879,212.2442,254.42987,322.0863,5.2411413
172,30,0,0.07328415,216.82707,24.33801,358.62164,
172,1,0,29.286469,236.57773,121.6745,357.8577,53.4282
172,26,0,421.60226,224.28561,453.35355,290.29306,17.718681
172,27,0,161.28027,223.92426,220.67346,356.8941,11.698351
172,23,0,308.2329,230.67648,362.6963,310.46255,15.624119
173,18,0,254.87051,224.44975,320.81906,359.5948,29.53242
173,29,0,209.14848,211.93207,254.63933,323.1776,2.4476752
173,1,0,1.2939148,233.0751,100.9772,357.9407,109.82202
173,26,0,422.3427,224.12172,453.78387,290.35034,2.6451492
173,30,0,0.0,211.83856,34.022976,355.7776,27.89762
174,18,0,256.29858,224.0681,323.927,358.90356,10.48762
174,29,0,213.7107,211.5393,253.31381,335.01715,26.765064
174,26,0,421.1339,223.09895,454.1134,290.8863,2.2613454
174,31,0,96.471344,183.82378,129.26984,318.9284,
174,1,0,0.05810547,231.25076,82.39328,357.5674,44.867695
175,18,0,258.01532,224.14595,326.38873,358.49335,9.431251
175,29,0,216.73082,211.68788,252.88603,330.1864,12.041844
175,1,0,0.0,217.74103,72.66617,357.93445,36.86713
175,26,0,420.28046,223.2829,453.4505,291.02924,3.4901888
175,31,0,97.26279,182.59323,129.20166,316.11484,9.243665
175,15,0,445.06323,216.07759,470.40802,294.03387,12.355828
176,18,0,260.4065,224.86523,328.453,358.88043,10.329208
176,29,0,218.23059,211.65634,252.33234,322.98404,16.414852
176,26,0,419.80975,222.25766,453.4748,291.26175,2.0469995
176,1,0,0.069431305,222.48692,60.604015,358.13525,29.188957
176,31,0,97.18388,180.7951,129.28337,315.0412,6.461475
176,27,0,180.5567,223.87985,236.48108,358.49356,79.0166
176,32,0,245.20378,214.0727,271.2646,295.86035,
176,15,0,444.9444,216.33112,470.25983,294.28278,1.2802315
176,23,0,324.58478,229.96527,366.01434,294.75775,57.6453
177,18,0,263.9607,223.63687,330.98767,357.69376,14.738224
177,33,0,155.85669,217.85922,198.3219,357.48465,
177,26,0,419.17242,222.61423,453.5791,291.392,1.6242139
177,31,0,97.15799,179.44208,128.88167,316.20618,1.0510217
177,1,0,5.3213882,213.25812,79.39097,358.37823,57.74284
177,15,0,444.3896,215.23425,471.06964,293.4676,4.340201
177,29,0,220.96066,212.19182,252.66934,329.99188,18.321808
177,32,0,243.72871,213.27673,271.97748,299.92682,7.55584
177,27,0,187.80511,225.10455,238.98941,357.989,22.012392
178,1,0,0.89541626,212.72864,95.17644,357.7182,25.698618
178,18,0,272.92188,222.8941,335.22253,358.05023,29.703817
178,31,0,96.72624,186.51532,129.20885,318.29803,20.622816
178,26,0,417.36456,222.52975,453.83136,292.61545,4.337991
178,15,0,444.03073,215.2193,472.1271,294.78412,3.3237228
178,33,0,157.9627,229.39783,201.5326,358.11713,29.883749
178,27,0,183.41791,226.47078,248.18665,359.07965,12.152597
179,1,0,0.41290283,213.50502,105.63418,358.53174,22.727556
179,18,0,273.68854,222.76535,339.9486,358.19302,12.358699
179,31,0,96.40915,186.89246,129.04926,319.4461,3.595417
179,26,0,418.1626,222.78543,453.2235,292.67276,0.8240415
179,27,0,186.89392,228.10922,249.12024,359.27078,10.741725
179,15,0,444.06946,215.02429,471.90533,295.16125,0.580989
180,1,0,4.070984,213.46437,107.694046,358.0077,12.927973
180,18,0,277.8388,224.00282,341.75568,356.04602,13.559331
180,31,0,96.09119,190.56238,128.85632,316.695,2.3654442
180,26,0,418.3797,223.31195,453.1612,292.359,0.59200615
180,15,0,443.24377,214.64906,473.03003,296.20825,1.6544151
181,1,0,11.101646,214.11035,112.13573,357.74622,25.827265
181,18,0,280.01236,223.10822,338.6436,355.89233,3.165824
181,31,0,96.12344,189.41917,128.603,314.5476,7.4205136
181,26,0,418.4275,223.17279,454.05084,293.20007,2.6349616
181,15,0,443.64288,214.4758,473.1845,295.68735,1.9977019
182,1,0,16.801147,215.76947,117.800385,358.19214,26.004324
182,18,0,281.6474,223.8406,341.02228,356.68826,9.663433
182,31,0,95.81697,190.79697,128.722,310.14035,6.829368
182,26,0,418.49106,223.3335,454.49155,294.31226,3.0805573
182,15,0,443.01764,213.87108,473.4809,295.41492,2.1077049
183,1,0,27.925995,216.93864,122.530655,358.57916,35.845444
183,18,0,287.65933,223.52919,344.43497,356.4801,21.237598
183,31,0,95.93674,188.93999,128.07286,305.13983,15.475242
183,26,0,418.22824,223.62917,454.1794,294.73047,2.062374
183,15,0,442.98843,213.77315,474.90646,296.11774,3.4239066
184,1,0,33.556534,217.44037,124.37509,358.92932,16.927557
184,31,0,95.47705,189.81616,128.32928,303.19495,2.4477372
184,26,0,418.56744,223.50845,454.38873,295.18582,1.4457397
184,18,0,288.52838,223.56517,345.44537,357.56226,4.920583
184,15,0,443.12424,214.38866,478.47153,297.97107,10.009781
184,27,0,204.40955,222.12807,263.0025,357.3894,72.8266
184,32,0,251.58102,219.34149,292.3486,301.00006,65.50222
185,1,0,37.91208,216.84375,128.14305,358.57184,18.403519
185,31,0,95.090576,186.97687,128.77756,300.92474,11.49721
185,15,0,443.04645,214.54398,479.85443,297.61197,2.9720938
185,18,0,291.06476,224.2129,345.6795,357.41907,6.3361573
185,26,0,417.90375,223.5505,453.98358,295.34555,2.4473875
185,32,0,250.90341,217.75061,294.59616,301.9552,3.8110104
185,27,0,205.68991,223.35289,262.17618,357.1714,2.4850752
186,1,0,44.524937,217.08249,131.38126,358.1967,22.167006
186,15,0,442.8603,214.85413,480.02252,298.97766,3.7708642
186,18,0,291.6626,223.07903,346.73407,354.57233,9.697355
186,26,0,416.1991,223.26938,454.3098,295.387,3.147978
186,27,0,208.71976,224.23903,265.07553,358.14478,13.98138
186,31,0,97.46174,184.65259,127.452705,292.90384,23.395412
186,32,0,251.36421,218.59473,295.28302,305.93915,11.165825
187,1,0,48.626736,216.80946,130.43182,357.69446,7.3041897
187,15,0,442.6188,214.62149,480.51566,299.0325,0.6932698
187,26,0,416.0136,223.29688,454.59552,295.41766,0.26072186
187,31,0,99.17236,176.65018,128.16461,285.66904,34.714325
187,18,0,291.0831,225.06131,348.3173,355.82248,7.615514
187,27,0,211.33926,226.19475,265.4919,357.5849,7.5181937
187,32,0,251.76868,219.86053,294.17706,304.78027,1.5965568
188,1,0,60.29868,214.94229,133.17313,357.84366,32.65934
188,18,0,296.51324,223.70773,349.68976,351.02267,20.638721
188,15,0,443.37268,214.53845,479.24854,301.03967,4.4806695
188,26,0,413.90723,223.73961,453.1148,295.3131,8.10676
188,27,0,211.75116,223.07591,269.9862,358.83923,11.809189
188,32,0,253.67819,219.34888,293.1276,333.05945,62.50687
189,1,0,63.58876,210.02225,133.77737,357.64035,14.479683
189,15,0,443.0031,215.22688,479.76404,304.01813,8.256989
189,18,0,297.28943,224.02638,351.32495,348.64575,7.133348
189,26,0,412.76392,223.72992,448.91357,294.47003,12.1773405
189,27,0,212.95541,222.39677,269.95084,358.64325,3.2854075
189,32,0,254.24095,222.83607,291.61353,328.97144,2.5315819
190,1,0,68.37236,210.97783,134.37971,357.66058,12.315661
190,15,0,443.0287,215.19928,479.84595,303.07935,2.1877391
190,27,0,215.31891,222.73462,273.5512,358.5973,13.434761
190,18,0,300.3766,224.97948,352.89844,346.02148,11.140187
190,26,0,411.91925,224.05772,448.33307,295.74634,4.8279843
190,32,0,255.05103,222.08916,290.4253,310.63885,42.937237
191,1,0,72.10843,211.0986,135.67657,357.58798,11.324606
191,34,0,0.017288208,223.48532,24.727335,357.9443,
191,15,0,443.0426,215.33098,478.62085,302.24493,3.1505983
191,27,0,215.80612,222.74799,276.36456,358.14325,7.492175
191,18,0,303.3054,225.34273,353.26602,342.23883,10.686598
191,26,0,412.2649,224.06207,446.6256,294.91418,3.5857897
191,32,0,255.60498,217.53937,289.68768,310.95648,9.531362
192,1,0,74.45766,210.86926,136.91365,358.14783,8.103376
192,34,0,0.0017967224,223.01462,28.901806,357.50925,9.57705
192,15,0,442.57584,215.85056,477.4597,302.73886,4.314673
192,27,0,217.11017,221.96436,277.77643,358.2674,6.288377
192,18,0,306.4076,224.67072,354.36438,343.11053,9.461939
192,26,0,411.05353,224.08084,446.87445,295.7383,2.878704
192,32,0,254.51727,220.5605,288.72125,306.57367,5.5450954
193,1,0,83.91763,211.4256,141.98468,358.89313,32.825672
193,15,0,442.3634,215.19057,476.91943,302.28076,3.0326543
193,18,0,308.55725,224.11551,357.60803,337.23105,18.891033
193,26,0,406.20224,223.76506,446.736,296.6612,11.309726
193,27,0,216.38791,221.58928,280.07736,358.45294,3.57752
193,32,0,256.3121,221.21591,287.00864,305.65146,0.6281219
194,1,0,87.534836,211.82684,145.55417,358.4895,16.170057
194,15,0,442.4824,215.24411,477.43118,304.0361,4.3103476
194,27,0,213.13013,221.67653,280.03384,358.35657,7.427954
194,18,0,309.51892,223.90686,358.83508,330.48737,16.399616
194,26,0,407.66553,224.33743,445.82483,296.47116,1.5110433
195,1,0,88.019196,211.83984,148.94019,358.93842,8.770146
195,15,0,442.544,215.11519,477.6098,304.95355,1.8546681
195,18,0,310.5911,223.99376,360.9633,331.71155,7.781681
195,27,0,220.7799,221.83763,281.10663,358.65698,19.653227
195,26,0,408.61414,224.23651,445.44226,296.97308,1.5607982
196,1,0,95.21678,213.0409,155.16963,359.13214,30.373383
196,15,0,442.19836,215.1998,478.4214,306.8829,4.65114
196,26,0,409.3915,224.65039,443.69003,295.0443,4.053273
196,18,0,308.26398,222.42352,361.10303,337.3388,10.370505
196,27,0,226.55432,223.94559,283.05292,358.1362,17.734842
197,1,0,97.96982,213.44858,156.17273,359.0671,8.486394
197,15,0,442.23254,215.4106,480.12994,311.23712,10.994279
197,26,0,409.39325,225.0462,443.67694,295.9591,2.948978
197,18,0,311.86017,220.70648,362.9107,331.87915,20.213316
197,27,0,222.39294,224.46286,285.53662,358.47134,4.2340684
198,1,0,103.48298,216.50955,169.21881,358.7538,42.213436
198,15,0,443.16083,215.75946,482.5783,322.0445,26.22613
198,18,0,318.1519,221.53192,364.5411,328.88367,18.481398
198,27,0,234.13934,224.4709,289.96808,357.94098,36.419144
198,26,0,408.83554,224.02504,443.3528,296.42493,2.3448174
199,1,0,106.7079,218.13766,170.84444,358.86435,11.593676
199,15,0,442.77246,215.37433,482.9082,325.55676,7.0372863
199,18,0,319.39862,221.1218,365.59796,323.15146,14.760203
199,27,0,224.01303,224.3939,291.934,358.63232,18.412865
199,26,0,408.86255,223.97191,442.95618,296.05664,1.2611892
199,31,0,93.22385,187.4101,127.686966,294.9428,47.338005
200,1,0,111.73953,217.23874,173.18176,359.3168,16.61056
200,15,0,442.66556,214.64854,482.81577,325.46655,1.8899446
200,26,0,408.4685,224.03032,442.70435,295.99518,1.4532328
200,18,0,320.44788,220.824,366.24188,322.62723,4.234883
200,31,0,93.998825,190.7775,127.02257,304.5732,29.246113
200,27,0,231.71765,232.98969,294.54224,358.3133,29.75275
201,1,0,115.44238,217.55937,178.23883,358.97858,19.709854
201,15,0,442.57004,214.34926,483.1262,326.7013,2.1595352
201,26,0,407.21762,223.81523,442.64963,296.15436,2.9402988
201,18,0,321.9231,219.81229,367.7235,326.81662,9.766286
201,27,0,236.38255,223.36224,297.14404,358.31128,27.143217
201,31,0,94.08582,191.47015,127.03271,307.89996,9.04631
201,35,0,276.31573,215.0669,300.61823,273.21094,
202,1,0,119.73976,218.02144,180.59691,358.7973,14.988094
202,15,0,441.69302,214.61584,483.1758,326.68066,1.942156
202,18,0,324.80283,221.88055,368.47623,316.68433,19.89987
202,26,0,406.51086,224.04059,442.49353,296.35907,2.1691952
202,31,0,93.57451,191.15973,126.73248,317.3647,20.677946
202,27,0,240.71362,223.57082,299.71198,358.4132,15.538432
202,35,0,279.34766,215.05219,301.66797,267.55466,15.721063
203,1,0,131.79639,213.82736,187.86963,358.58243,44.608047
203,36,0,0.24641418,194.49963,115.505714,358.04474,
203,15,0,442.98828,216.41379,484.59875,330.91037,14.877446
203,18,0,328.86902,219.77856,370.42627,315.35254,15.586169
203,31,0,93.37282,190.57678,126.8665,319.7633,4.088103
203,34,0,42.9509,222.36401,106.04755,322.76416,281.70526
203,26,0,406.3537,224.39447,442.40503,296.24884,0.778508
203,35,0,282.2522,215.23746,303.8283,262.15915,16.349245
204,1,0,134.6611,216.026,192.74234,358.03046,17.799091
204,36,0,0.13126373,194.0943,106.39925,357.7849,20.802547
204,15,0,442.97247,214.51593,484.67487,332.42932,0.8632684
204,37,0,197.8554,213.22865,234.22258,331.36328,
204,18,0,330.2173,221.686,370.7992,315.6512,6.2957582
204,27,0,250.97772,223.57957,306.98566,358.30957,39.460587
204,31,0,92.728806,191.06624,126.57539,323.17804,9.032855
204,38,0,382.80124,227.43135,417.0928,292.17377,
204,26,0,406.79324,224.09866,442.30215,296.07956,1.2918476
204,34,0,48.513397,221.6568,105.60124,328.43903,16.045042
204,29,0,232.42184,218.78952,267.5582,355.57907,93.59001
204,35,0,284.34592,214.23694,305.01663,260.83008,9.05574
205,1,0,140.22769,214.61354,196.77347,359.31714,21.596722
205,36,0,0.1020813,193.67468,118.07765,358.00183,26.21472
205,15,0,442.67206,213.98515,483.53973,330.83588,5.7685394
205,37,0,195.95367,211.83273,232.20197,333.05954,8.851086
205,27,0,253.95888,223.34662,309.83276,358.00507,13.169198
205,26,0,406.10046,224.69595,442.30438,295.31454,1.5989147
205,31,0,92.966125,190.80847,126.33205,294.0656,66.0829
205,18,0,329.4735,220.5606,371.64612,310.74066,13.5828705
205,34,0,52.77057,220.73138,112.15747,323.3181,27.875284
205,38,0,382.62842,227.31387,417.18384,291.9459,0.7985018
205,35,0,285.19928,213.38568,303.48615,256.4502,11.8682575
206,1,0,141.88263,213.30974,201.77167,359.23138,15.292557
206,36,0,0.09764862,195.06627,126.350105,357.5824,18.731203
206,15,0,443.51422,213.8349,484.13605,332.58154,4.833317
206,37,0,195.63449,212.4235,232.01968,333.60416,2.7926712
206,38,0,380.27917,228.1435,414.8236,294.1936,12.657945
206,26,0,404.5146,224.20674,442.04425,294.78888,4.739845
206,27,0,259.66974,226.03375,309.63733,358.9511,14.860237
206,31,0,93.64605,190.05634,126.33015,294.42285,1.7654415
206,29,0,236.45068,219.31068,270.25516,357.23145,15.903629
206,34,0,57.701157,220.54523,106.37784,318.18567,12.11838
206,18,0,326.90277,220.95563,373.18036,333.43915,52.0127
207,36,0,0.07494354,196.02374,121.07746,357.62323,12.124412
207,1,0,145.22754,213.89966,209.58636,358.74457,25.110186
207,37,0,194.7573,211.44084,232.92303,333.3156,2.8607585
207,15,0,443.73563,214.59958,483.9727,333.29813,3.3353977
207,26,0,405.5851,223.74176,442.31277,295.05133,3.0471246
207,29,0,236.47937,239.5458,271.8407,356.81277,44.734734
207,31,0,93.43613,189.19513,126.77791,320.03845,55.69996
207,38,0,377.4282,228.41432,411.5342,296.09412,14.654208
207,27,0,259.61975,227.19899,312.8786,358.06018,7.206864
207,18,0,327.8728,220.8439,374.00903,340.82675,16.86356
208,36,0,0.0,200.34045,144.76997,358.09985,54.222923
208,1,0,149.52855,213.02104,227.9616,357.86823,51.174103
208,15,0,446.1404,215.6142,484.45975,332.02856,6.531889
208,26,0,405.5236,225.26761,443.0037,297.15427,8.286665
208,38,0,375.9855,227.30865,412.87234,300.6078,7.6716523
208,29,0,238.08359,221.61124,276.4648,356.24802,43.91924
208,18,0,332.461,220.43446,375.03717,337.031,15.786425
208,27,0,263.83127,229.40233,317.14548,358.2151,19.80059
208,34,0,69.93053,222.65875,120.697464,314.6413,59.82193
208,31,0,96.8033,188.12262,126.797134,272.94403,108.64311
209,1,0,153.4208,211.815,228.79648,357.53595,11.185087
209,36,0,0.60214233,202.13177,140.44337,357.4428,8.760035
209,15,0,445.8474,215.87271,484.80322,333.3801,3.624384
209,26,0,406.57654,227.52765,442.7976,297.1584,5.439045
209,38,0,377.22968,227.08896,414.71808,296.9595,11.138929
209,31,0,97.15358,187.42407,127.40285,246.53616,61.027348
209,29,0,237.00143,224.97867,277.9874,356.2819,7.7168317
209,27,0,264.45306,228.48668,318.98993,357.30078,6.909777
209,34,0,73.35899,222.63666,122.08739,312.5116,11.873329
210,1,0,156.1885,210.15479,228.36935,357.68115,6.2732506
210,36,0,8.431305,203.20374,151.11945,357.3131,41.69072
210,15,0,446.0938,216.38422,486.4898,334.0172,5.0591254
210,26,0,406.0029,227.69815,443.05795,298.82437,4.1917906
210,38,0,374.9696,226.85806,413.9292,298.96237,7.934555
210,31,0,97.58441,187.86765,127.440094,248.51001,5.540217
210,34,0,77.79671,223.98138,122.775345,309.26703,12.299478
210,29,0,236.89581,238.94589,279.11572,354.94052,28.501215
211,1,0,158.63171,209.99773,236.72147,358.23456,24.30583
211,36,0,16.4982,204.59155,140.97998,356.15106,4.6908703
211,15,0,446.83075,216.38434,486.56842,331.54004,5.867673
211,26,0,404.52832,226.87442,443.38458,299.39847,2.6432514
211,38,0,374.20453,226.80127,415.40558,299.70514,2.2234206
211,31,0,97.34935,187.7688,128.1314,252.0597,7.8319473
212,1,0,161.57803,210.61649,235.38376,358.90305,4.635545
212,36,0,23.808395,205.36292,156.86195,354.3683,52.231976
212,15,0,448.29855,215.75629,486.33725,330.46094,4.742984
212,26,0,404.3934,227.12878,443.74966,299.1682,0.5207013
212,38,0,369.18164,227.36412,416.57684,300.021,8.888826
212,31,0,97.09355,188.24353,128.15268,248.92331,6.011916
213,1,0,168.54332,213.1117,239.7636,359.30786,26.347294
213,36,0,34.82585,203.32031,158.72052,347.68793,34.993248
213,15,0,448.75677,213.84297,488.65143,332.48175,6.242586
213,26,0,405.45886,227.48828,444.38037,299.12793,3.883372
213,38,0,367.4969,226.65195,416.37592,299.74008,4.7952175
213,31,0,94.92969,186.77783,129.2637,259.63342,20.934395
213,27,0,271.44864,234.58728,325.54898,355.5313,32.016987
214,1,0,167.20383,214.09207,241.11185,358.68594,0.8067745
214,15,0,448.7412,214.15125,488.85034,333.5899,3.2135856
214,36,0,40.125027,202.31424,160.7315,345.22366,18.207182
214,26,0,405.42963,227.33813,444.80182,299.39917,0.9235801
214,38,0,367.22205,226.30936,416.23688,299.40097,1.794385
214,31,0,96.30078,186.73557,129.89679,255.547,10.326212
215,15,0,449.0431,213.79053,489.7506,332.3299,4.5402737
215,1,0,170.10825,215.58173,242.9006,359.27856,11.552336
215,36,0,45.550858,202.36865,157.69266,347.0536,6.842514
215,26,0,404.45056,226.3971,445.95074,300.0152,0.82512635
215,38,0,367.89603,225.05884,414.9863,299.99017,1.9741174
215,31,0,97.3031,186.89047,129.80203,257.29385,4.7412443
216,15,0,449.37985,213.25896,491.86215,333.482,5.6828713
216,36,0,48.87236,200.60352,157.81943,340.8238,19.590452
216,1,0,175.19485,217.21559,244.70059,358.0835,15.526261
216,38,0,367.74368,225.24342,413.51743,299.40454,3.7576962
216,26,0,405.3391,226.84508,446.03186,300.76782,3.4724038
216,27,0,273.19257,220.91742,326.57666,351.6286,40.027054
216,31,0,103.59006,187.3887,130.65459,251.28317,20.294916
217,15,0,449.9178,213.25537,492.5854,334.6353,3.8397968
217,1,0,177.03128,216.17772,246.67905,358.37537,8.746044
217,38,0,366.68762,225.0636,412.98828,299.66852,3.5717354
217,36,0,52.439724,200.56067,166.2558,339.15387,27.281965
217,26,0,405.67645,226.52023,446.8758,301.3552,2.7227063
217,29,0,229.4545,222.3922,272.15042,335.64893,86.92208
217,27,0,274.77014,219.50545,326.50415,352.25336,3.821661
218,1,0,183.13867,217.40794,249.19589,358.27417,19.570107
218,15,0,451.72974,213.27045,493.75378,334.98334,6.7553625
218,38,0,364.3924,224.42023,411.86188,301.3584,8.050706
218,26,0,402.99542,226.27248,446.90387,302.0182,6.0418158
218,36,0,60.950974,199.46283,174.0416,338.7851,36.81653
218,27,0,277.0246,219.76007,327.90973,350.6361,8.787267
218,29,0,231.53412,221.57454,269.0288,335.1291,3.8148744
219,39,0,0.03536606,239.90018,55.175106,359.1547,
219,15,0,451.42682,212.49777,493.55487,333.6658,4.8366165
219,36,0,67.493,199.85672,172.40594,334.17264,14.558872
219,1,0,187.77078,216.69318,251.2222,357.40002,15.402101
219,38,0,362.27585,224.59048,410.87717,308.8265,18.548851
219,26,0,404.31482,226.15945,446.73303,302.70572,2.889535
219,27,0,278.15497,219.80914,328.97565,348.70477,6.508142
219,29,0,232.41705,221.9783,266.80322,336.5145,5.0331116
220,15,0,451.04938,212.27386,494.41144,333.58038,1.2831795
220,39,0,0.15982437,239.70908,61.32077,359.26035,14.109086
220,1,0,188.7638,215.07864,250.89328,356.55057,5.7418056
220,38,0,361.48676,223.55243,410.78754,310.42883,2.349667
220,26,0,401.62006,225.66084,448.70746,303.75323,2.037666
220,36,0,70.57181,194.22879,175.79059,332.9387,21.20995
220,27,0,279.50632,219.17407,330.46005,347.4054,7.723629
220,29,0,232.34467,222.5477,264.31622,336.65152,5.9739485
221,15,0,451.11484,212.0896,494.82016,332.87402,2.2702284
221,39,0,0.05076599,239.71829,67.56348,359.25894,13.800718
221,1,0,189.93307,213.25098,251.40445,358.123,3.8243816
221,38,0,360.35303,223.81798,410.51038,308.93152,4.214062
221,26,0,401.75497,226.12262,450.2009,304.23444,4.2338176
221,36,0,73.43393,198.52963,175.30832,330.82315,7.2697096
221,27,0,281.515,219.10979,331.34448,344.8664,8.756868
221,29,0,233.6448,222.23363,265.7012,337.28845,6.08504
222,15,0,452.25546,212.00304,495.2435,332.48926,3.675237
222,39,0,0.107040405,239.71082,70.221466,359.19354,6.109295
222,1,0,193.16855,211.45094,252.64462,358.07056,10.898711
222,36,0,79.36582,200.00809,182.74564,329.82736,30.1003
222,38,0,354.73846,224.53362,409.8233,311.72687,16.23085
222,26,0,400.07922,224.54353,458.98145,303.42035,16.868324
222,40,0,166.76324,207.45396,203.11484,302.91357,
222,27,0,279.68784,219.07263,333.18033,347.39514,5.606083
223,39,0,0.0,239.3128,77.94811,359.1682,17.170553
223,15,0,453.14075,212.44298,495.958,332.95422,4.135469
223,1,0,196.11703,211.70871,255.0729,358.22324,12.132933
223,38,0,349.339,225.8482,408.40967,317.51996,22.152779
223,26,0,405.82135,222.54437,459.90912,303.472,15.633699
223,36,0,89.30716,202.92323,190.18045,327.44568,39.114777
223,27,0,283.59973,223.69708,336.14893,347.4016,18.66098
223,40,0,167.6344,205.97897,202.8623,278.07333,59.22566
224,39,0,0.0,238.79884,83.86601,358.87048,13.439943
224,15,0,454.12433,213.51141,496.02985,332.80426,3.1479697
224,1,0,199.3703,211.02914,258.97104,358.03928,16.207523
224,38,0,345.6574,226.2273,406.89154,317.96686,11.846032
224,26,0,409.1766,224.72119,452.93698,303.3733,9.3856125
224,36,0,92.60503,204.90161,190.39037,326.24805,8.08565
224,32,0,274.46677,219.71597,305.8724,344.5992,118.47704
224,27,0,286.12775,224.23183,337.1247,344.9895,8.943872
225,39,0,0.5396576,237.98492,90.72058,358.26245,16.94184
225,15,0,454.29187,215.60074,496.88757,334.1605,8.08844
225,1,0,202.34589,211.49261,261.97723,357.9254,13.481975
225,38,0,346.7024,225.63641,405.95972,315.5755,6.7148657
225,26,0,402.17856,223.16666,463.99136,305.51248,9.221069
225,36,0,96.20804,205.20839,204.54169,325.02087,40.000893
225,32,0,275.47955,220.47397,309.05487,345.06088,9.830136
225,40,0,167.27219,204.67949,196.51276,288.81122,26.058403
226,15,0,454.60352,216.88995,496.37115,333.5061,1.5008307
226,39,0,7.235504,237.24113,89.29085,357.575,12.278553
226,1,0,204.7186,211.86333,262.15027,358.10187,5.8587456
226,26,0,402.1093,220.89188,463.93048,306.17294,3.6439989
226,38,0,350.0279,224.87183,404.16266,310.49567,13.592197
226,32,0,276.19696,218.87054,306.76495,343.7166,7.5170474
226,36,0,103.3298,205.73001,205.26071,324.5994,17.643217
226,31,0,97.22473,185.9448,132.14078,291.14127,87.126305
226,27,0,293.1079,223.17436,339.2506,340.72858,23.727169
226,40,0,167.54468,205.64384,194.30328,284.1192,9.451969
227,15,0,454.39166,218.02188,496.32098,333.87442,3.4266465
227,1,0,208.28784,212.79721,264.90082,357.90506,14.315916
227,39,0,13.655342,236.59235,88.636314,357.99982,12.981722
227,26,0,402.31696,218.83032,463.24017,306.60907,3.8150475
227,36,0,108.89996,209.72333,208.78082,356.48828,83.28543
227,32,0,277.0515,218.19037,307.20032,339.20758,12.031037
227,27,0,295.11102,222.7873,340.36914,340.5882,7.123258
227,38,0,350.63,224.68246,402.1797,305.76553,11.496641
227,31,0,97.02507,185.86926,131.83765,293.09167,4.367532
228,15,0,454.44446,216.0691,496.31073,333.7218,4.738134
228,39,0,25.194038,234.8188,96.85475,358.2785,44.580612
228,1,0,211.4367,214.07462,277.7377,358.75217,36.284184
228,31,0,95.77594,185.11884,132.38841,312.7107,42.483395
228,26,0,400.65033,219.43568,461.7896,307.04163,7.392234
228,32,0,280.45972,218.48569,310.82507,331.7289,22.619274
228,36,0,119.609085,208.47525,220.12737,320.65067,97.084335
228,38,0,350.13147,225.79181,399.52063,303.19666,7.8268404
228,27,0,297.67664,219.91077,340.74963,339.33124,11.420879
229,39,0,31.86647,234.59091,97.551865,358.75693,16.591057
229,15,0,453.98944,213.45691,496.54755,336.30212,0.49615747
229,1,0,214.64734,213.95735,279.70706,358.7254,11.659489
229,41,0,0.062156677,223.9535,40.851585,359.13342,
229,31,0,94.8808,184.68082,132.32913,313.74783,2.5354888
229,26,0,401.82498,220.2409,461.4426,307.4729,3.3478477
229,36,0,126.55246,208.4783,215.65884,318.6799,7.113983
229,32,0,280.67065,218.25833,313.08057,328.067,10.362171
229,38,0,341.23645,226.17433,397.03748,318.7168,43.996395
230,15,0,453.52963,213.59125,496.52206,337.3158,2.8043292
230,1,0,214.59195,215.01814,279.71585,358.5329,1.9564553
230,41,0,0.073036194,222.55424,43.400642,357.4665,8.987229
230,39,0,36.864887,234.7366,99.170975,359.6149,15.059705
230,31,0,94.83534,184.24205,131.65419,316.10364,4.607869
230,26,0,405.66293,220.19452,461.47366,307.30634,8.718469
230,32,0,281.76596,217.89201,314.92093,328.58014,6.613514
230,36,0,130.66647,207.6654,216.0386,316.46808,12.188051
230,38,0,342.22647,226.34732,396.6747,315.6705,6.617163
231,41,0,0.092868805,220.57814,52.106594,358.4297,19.764858
231,15,0,453.12128,213.23257,496.57074,340.56754,6.5595126
231,1,0,216.00745,215.57272,277.85757,358.02255,1.0012167
231,39,0,41.932762,233.90933,101.04235,358.50815,16.208387
231,31,0,94.75957,184.16144,131.72867,318.00098,4.0876017
231,26,0,407.85736,219.77751,459.32562,306.6447,2.429123
231,36,0,134.45584,206.10492,222.2203,314.1737,24.053139
231,38,0,339.91504,224.84451,395.57715,311.14743,15.577489
231,32,0,282.94043,217.33829,316.50098,329.8716,6.4160943
232,41,0,0.044029236,220.82083,59.010025,358.21683,15.422977
232,15,0,453.10458,213.27528,497.18454,342.84155,5.382952
232,39,0,47.94012,234.82697,105.11783,359.4217,23.05749
232,1,0,217.26569,215.54158,277.96667,357.78876,3.1337414
232,31,0,94.637985,184.03595,131.61465,317.89862,0.7374315
232,26,0,408.59918,219.70428,457.2481,306.5688,3.0239935
232,38,0,336.047,224.91096,392.34863,309.55963,16.330051
232,32,0,284.0761,216.39061,316.7453,329.17554,4.8290095
232,36,0,134.40453,203.4129,228.39812,356.19897,89.566925
233,41,0,0.22810364,219.81865,71.301704,358.1612,28.171165
233,15,0,452.93927,212.2491,497.08557,339.51935,9.801927
233,31,0,94.787704,184.09183,131.2401,318.70566,2.0063827
233,26,0,410.87897,219.6334,456.7229,306.1892,4.0758166
233,1,0,226.54623,215.60696,279.1509,358.7858,23.666798
233,32,0,286.7484,215.96024,318.84033,326.84787,12.3922415
233,39,0,63.227974,236.6034,110.46348,358.3344,46.451256
233,38,0,332.36078,222.67735,386.16272,318.72314,27.138668
233,36,0,139.86664,202.58292,230.185,356.7325,16.323868
234,41,0,4.064125,220.41415,76.42162,359.06534,20.431408
234,15,0,452.40118,211.78209,497.78204,344.75684,10.739556
234,31,0,95.4919,183.74832,131.05272,319.316,1.308689
234,1,0,227.32544,214.95705,280.5761,358.40637,5.474017
234,26,0,412.11914,218.57854,454.9519,306.46918,2.1133795
234,39,0,66.50769,235.59448,113.31554,358.35718,13.973775
234,32,0,287.42773,216.38882,321.42627,324.43643,8.595354
234,27,0,293.9433,224.42622,385.1729,357.02887,104.306175
234,36,0,130.68375,202.58133,233.45627,358.30173,13.760864
235,41,0,11.0368805,220.78824,82.39569,359.47983,29.18434
235,15,0,452.31213,211.63931,498.08948,347.14517,5.0763116
235,26,0,412.38846,220.24591,452.95602,306.32745,5.1840796
235,1,0,236.87726,213.45416,282.83014,358.86926,26.66602
235,31,0,95.320175,183.9158,131.17445,303.6615,34.845997
235,32,0,285.87097,217.14708,322.7787,325.32544,3.7347836
235,38,0,325.04172,224.0387,384.2479,330.1657,35.518967
235,39,0,72.18977,235.277,119.000244,358.55298,25.576744
235,36,0,134.52126,198.9885,235.23692,358.46524,14.809721
236,41,0,16.535416,221.78632,87.933,359.06604,24.865423
236,15,0,452.42828,211.08682,497.38635,345.99954,4.0425878
236,1,0,240.93723,213.43503,285.63828,357.0986,15.969326
236,26,0,411.2945,218.60606,454.49585,305.63342,5.3461566
236,32,0,285.61108,217.07414,327.1197,324.721,9.308132
236,39,0,82.26996,237.85936,123.03226,357.64697,31.97569
236,31,0,96.250916,183.6766,130.99992,292.64835,25.374895
236,36,0,149.43732,200.6213,233.61371,306.82437,116.425385
236,38,0,321.73633,224.65468,381.64124,334.98938,18.076052
237,41,0,21.215103,222.56815,92.073044,359.61124,20.067766
237,15,0,452.48962,210.1612,498.23462,347.56433,2.5013587
237,1,0,241.33495,212.57086,288.87964,357.82245,8.194057
237,26,0,411.8415,218.95184,455.8333,305.82922,4.411655
237,27,0,300.78094,224.0564,378.09808,357.10718,0.8455634
237,39,0,84.30669,235.32033,128.72694,359.37488,17.491163
237,31,0,96.210175,183.30225,130.81796,277.66724,34.553436
237,32,0,287.79333,217.18341,325.58167,302.87976,48.918465
237,36,0,152.67377,201.77821,233.04419,304.91833,6.2328405
238,41,0,35.711777,223.90387,100.71303,359.1264,52.092674
238,15,0,452.23096,208.3653,497.42303,347.451,4.924693
238,1,0,243.0465,211.78111,295.87305,357.25378,19.823189
238,27,0,293.8626,223.75143,376.34088,357.35727,19.520348
238,26,0,410.77618,219.80177,455.9533,306.1432,3.3736727
238,32,0,290.27673,216.58542,327.6903,290.2031,31.60456
238,36,0,159.67033,203.44199,235.94972,356.6071,122.09323
238,39,0,89.82068,230.13936,136.27173,358.35455,32.526917
238,31,0,95.40265,182.89288,130.8099,254.26047,53.617706
239,1,0,243.59245,210.99115,297.39752,357.92493,4.6661444
239,41,0,42.29928,225.02887,105.87104,358.9909,26.521019
239,15,0,452.2467,207.72583,497.71423,348.3686,0.93198895
239,27,0,302.28235,223.47406,376.01935,355.0605,19.119337
239,26,0,410.45923,219.69719,460.4685,305.7016,9.525638
239,39,0,93.91147,231.14703,137.18256,356.46643,11.426663
239,31,0,95.405975,182.77823,130.81876,255.64975,2.8680432
239,32,0,292.92813,216.49252,328.29477,269.6572,47.01156
239,36,0,159.81815,203.62346,238.5632,357.61823,6.7676353
240,41,0,47.589554,224.82616,112.69925,358.69556,27.289606
240,1,0,242.74602,210.35577,299.12885,358.87714,2.114772
240,15,0,452.18326,207.6191,497.88425,349.43524,2.173044
240,27,0,302.1308,221.96112,374.7094,355.1819,4.5405025
240,26,0,409.37985,219.80867,461.18405,305.75055,0.894643
240,32,0,294.8482,216.67538,327.09772,268.32016,3.0643654
240,39,0,100.650894,231.55963,142.66039,355.32172,27.538136
240,31,0,96.020065,182.50613,130.58351,259.59064,8.2986765
240,36,0,161.05109,204.09738,239.51276,357.94406,5.229919
241,27,0,302.22998,222.60883,371.34766,356.29993,8.346938
241,1,0,244.26062,210.40858,300.5382,357.87097,6.9197645
241,41,0,52.579185,222.56122,118.413124,358.72998,24.600262
241,15,0,452.2968,207.1337,498.02686,349.11758,1.8965415
241,26,0,407.78412,221.48541,463.04352,306.64276,5.810562
241,32,0,296.12457,215.36841,327.24957,267.56592,5.642272
241,36,0,170.83084,205.43085,239.94656,300.16772,129.05891
241,31,0,96.4339,182.3964,131.18091,263.44553,8.728352
241,40,0,134.46024,191.29984,170.36826,259.98193,154.77693
241,39,0,104.04964,230.7143,149.49846,356.7796,23.074036
242,27,0,299.89655,223.6991,369.89752,357.21533,9.635185
242,1,0,247.4476,210.2871,301.71475,357.2318,9.965975
242,15,0,452.3652,206.8487,498.06528,349.48895,0.30905837
242,41,0,58.406845,221.60123,123.95105,357.75314,25.941225
242,26,0,405.4959,220.27924,463.83563,306.92786,3.953019
242,39,0,107.63168,229.4649,154.42126,359.40546,19.384916
242,32,0,296.7182,213.93115,327.3188,264.63675,9.93701
242,40,0,136.18762,189.99786,169.16537,259.56396,4.0458107
242,36,0,172.75537,206.69043,239.19199,298.3058,2.9607992
242,31,0,97.03116,182.04575,130.96829,260.45523,7.566776
243,27,0,295.80914,222.91013,366.5982,356.78445,16.84522
243,41,0,65.81676,219.28265,135.41469,359.33807,42.49756
243,15,0,452.05414,207.02078,500.28485,356.63376,17.01383
243,1,0,247.67075,209.90712,303.59848,357.04797,4.9072857
243,26,0,407.42932,221.09921,464.05615,307.4523,5.712911
243,40,0,135.98059,186.64047,169.22913,257.60925,11.956577
243,36,0,176.9403,228.56479,222.04364,297.74228,56.12397
243,31,0,97.95355,181.58264,130.47934,255.68845,11.807593
243,32,0,298.77094,212.93277,324.114,257.9174,17.55732
244,15,0,452.8612,207.04497,500.48315,357.11212,2.528965
244,41,0,70.46872,217.69327,138.9369,357.94675,19.576534
244,27,0,293.53036,222.71616,364.90207,357.22806,8.961178
244,1,0,251.55025,209.9844,302.49664,353.2728,10.406005
244,26,0,407.49597,221.73407,464.1941,307.95038,2.590333
244,39,0,121.71646,229.97256,164.10532,358.85355,53.479958
244,40,0,135.37537,185.17566,167.68262,257.96326,5.448464
244,36,0,179.4761,225.47964,224.80045,296.64133,15.182923
244,32,0,299.3239,212.10767,324.35834,255.64108,7.2050724
244,31,0,96.83783,181.51755,131.0185,242.5173,29.809772
245,15,0,453.2975,207.24835,500.1748,357.40997,1.1639009
245,27,0,286.7542,223.7236,363.19604,357.66684,19.36032
245,41,0,71.9957,216.41574,144.02594,358.57736,14.95702
245,1,0,253.77486,210.07877,302.6961,309.80063,97.752335
245,26,0,405.17142,221.19334,463.07968,308.53076,7.738185
245,40,0,133.70453,183.21835,166.03308,255.8046,11.8986635
245,39,0,125.016525,230.17978,163.00288,358.4896,4.957232
245,36,0,180.54584,205.9349,238.75659,295.83768,56.913612
245,31,0,95.91069,181.25577,130.96645,242.6105,2.235583
246,15,0,453.47308,207.3922,502.3211,357.229,5.224941
246,41,0,77.33504,217.56824,148.8433,358.23517,22.925205
246,27,0,277.30267,223.88931,361.83966,358.07993,24.35267
246,1,0,254.06958,210.68304,302.2981,307.14722,4.616401
246,39,0,128.74208,230.64017,168.1715,328.91812,68.4888
246,26,0,405.32477,220.85303,461.20605,308.65833,3.9001133
246,36,0,182.5903,205.4975,244.57028,294.82,17.981405
246,31,0,96.53969,181.12051,132.15608,225.29788,39.4704
246,40,0,132.68661,182.17004,165.67966,255.14908,4.921071
247,15,0,453.65195,207.62595,502.98068,357.21298,1.9490509
247,41,0,81.013,216.37947,155.07733,358.35773,22.43063
247,27,0,271.6635,225.36807,360.33472,358.26852,16.506216
247,1,0,257.12616,211.21635,303.38135,308.49933,10.23517
247,26,0,403.93665,219.83029,463.00195,309.26865,1.3049358
247,36,0,185.19589,204.86972,242.8555,294.2084,3.434182
247,40,0,132.30344,181.68198,165.314,253.23529,5.660739
247,31,0,97.190216,180.92102,132.31604,223.21277,5.4542503
247,39,0,131.81635,231.56183,171.00012,328.84454,13.417887
248,15,0,454.97876,208.30347,506.05066,356.93378,9.933289
248,41,0,89.51462,218.12344,161.93849,358.18253,34.746006
248,27,0,271.5995,224.08598,356.2201,358.3968,9.753793
248,1,0,258.77173,212.34032,304.03137,279.27344,63.439945
248,26,0,401.49963,219.34433,463.37445,310.91653,5.330312
248,40,0,132.04074,181.10532,165.03543,255.28323,3.5272906
249,15,0,455.7759,207.79938,506.7966,357.08356,3.5623007
249,27,0,271.3722,222.01477,354.3462,358.15796,7.0261254
249,41,0,95.33609,217.72998,164.1665,357.6966,18.2191
249,1,0,260.09113,211.95522,304.80896,278.22473,5.715724
249,26,0,401.73993,218.9589,464.0406,311.64798,2.1830134
249,40,0,131.85785,180.66501,166.09943,253.24628,5.91591
250,27,0,266.9806,221.28012,353.44263,357.7598,12.183713
250,15,0,456.20996,207.73506,507.53955,358.82196,4.604454
250,41,0,102.16961,219.4968,168.94354,358.1987,26.617908
250,1,0,258.65027,211.58278,305.56958,279.2202,2.075507
250,42,0,94.00037,181.03207,134.08038,248.83997,
250,26,0,400.99298,218.3499,464.19238,311.0041,3.1208463
251,15,0,457.50418,207.11511,508.3502,358.96252,4.857199
251,27,0,262.24774,220.99599,352.3365,357.93042,13.140208
251,41,0,103.96035,219.38951,171.76352,358.359,10.374802
251,1,0,261.54388,210.19386,304.65338,279.01953,5.708532
251,26,0,397.45175,217.47375,465.30344,310.6817,6.09674
251,42,0,93.385056,180.91269,133.19153,258.87717,22.570267
252,15,0,458.62158,206.80077,509.3368,359.0652,4.757905
252,27,0,259.56598,221.16626,351.1375,357.59662,8.739406
252,41,0,106.47383,220.68185,174.03954,357.8356,10.914344
252,1,0,261.38605,209.67279,303.3459,276.85846,6.876691
252,26,0,400.03622,216.42389,463.4893,310.5995,3.0809438
252,42,0,95.31334,180.31726,134.38123,247.05527,28.806313
252,40,0,131.7699,180.64726,163.86731,228.77864,55.338867
253,15,0,459.19785,206.6507,511.26132,359.98578,5.8878036
253,27,0,250.462,223.07143,348.24173,358.49084,27.724407
253,41,0,111.05423,220.22632,178.7146,358.6006,20.836426
253,42,0,92.93799,180.38959,134.77634,288.6776,93.91876
253,1,0,266.30426,208.30835,300.6147,268.38733,22.670517
253,26,0,399.08197,216.05753,457.40833,308.6605,16.65744
253,36,0,201.0954,202.95493,262.98843,287.62973,83.29486
253,40,0,131.64499,180.8754,163.65347,226.95197,3.676587
254,27,0,248.91068,224.66658,346.9089,358.69476,7.6483493
254,15,0,459.0078,205.95367,511.54517,360.0,1.5507329
254,41,0,114.817474,220.88837,179.45444,358.27063,10.15945
254,42,0,92.99718,180.32642,134.77657,312.02692,52.39397
254,1,0,269.48996,208.49847,300.52066,262.3567,14.868751
254,26,0,399.61023,215.60869,458.80835,308.82172,4.3866286
254,36,0,203.0675,203.20033,262.02505,286.57947,2.903589
255,27,0,244.00845,225.54205,345.76895,358.89783,13.809788
255,15,0,458.92896,206.14081,513.17926,360.0,3.5245233
255,41,0,117.69318,218.48354,180.84613,358.01978,11.309112
255,42,0,93.18208,180.38501,134.68608,312.20477,0.5728629
255,1,0,270.7453,208.08621,301.83783,259.841,8.769426
255,40,0,130.99725,180.32901,163.84766,243.92844,36.981773
255,26,0,396.8421,214.47372,460.18134,309.26285,3.505847
256,15,0,459.46814,205.39076,513.8785,360.0,3.257635
256,27,0,238.52937,225.73004,344.65814,358.47894,14.836384
256,41,0,125.24424,216.57425,182.11032,358.62894,20.048857
256,42,0,93.44623,180.31264,134.98639,314.27063,4.661643
256,1,0,271.669,208.10184,309.44818,256.4275,20.667665
256,26,0,396.25232,214.96255,466.39203,309.89304,12.895238
256,40,0,130.98485,180.4963,163.54414,246.53723,6.2865233
257,15,0,459.74292,204.18025,515.11646,360.0,4.3592944
257,27,0,227.41896,224.39227,343.87488,358.41034,26.947206
257,41,0,129.77618,215.78128,182.9151,357.8312,12.529695
257,42,0,94.29181,179.7697,135.20724,316.71332,4.901929
257,36,0,190.0297,207.29575,261.26453,358.2053,173.1784
257,26,0,396.93127,214.69275,464.71863,310.40222,2.3014157
257,40,0,131.73447,180.10413,163.16647,247.13101,0.9519061
257,1,0,273.2099,206.82993,309.8548,254.42413,8.573704
258,15,0,460.91425,203.00334,516.61993,360.0,6.5750933
258,27,0,230.523,225.09476,340.8028,357.46237,0.5570055
258,41,0,132.60083,214.65161,187.97046,358.79333,17.734016
258,42,0,93.49303,179.52838,135.1859,316.25232,2.42946
258,40,0,131.88623,180.34894,163.4524,254.14862,16.370094
258,43,0,309.0639,212.92102,336.65167,274.90738,
258,39,0,197.48743,218.08844,227.03998,293.42413,295.12036
258,26,0,399.15845,214.11116,450.6781,310.46954,26.605223
259,15,0,461.28992,202.77005,517.48285,360.0,2.8358417
259,27,0,232.89598,225.41049,338.34583,357.7067,1.2742213
259,41,0,135.21494,215.40239,191.27615,358.72748,13.408408
259,42,0,93.73973,179.64725,135.06503,318.19144,4.639111
259,44,0,371.46747,205.55876,408.15167,303.0788,
259,45,0,345.32117,212.27681,375.8506,308.15497,
259,43,0,310.8262,212.97186,337.30972,281.0374,14.93521
259,39,0,196.60681,217.11897,227.47705,294.5854,1.0872567
259,40,0,131.288,179.74847,163.68271,255.6442,2.1774943
259,26,0,400.33655,214.65979,466.22693,311.15234,37.737442
260,15,0,461.02808,202.33742,518.5682,360.0,2.0929687
260,27,0,227.35004,224.8154,337.7021,357.8575,13.962646
260,41,0,137.90865,215.9453,194.50826,358.68567,13.380662
260,42,0,93.93431,179.33865,134.86998,317.9468,1.2447515
260,44,0,371.45682,205.10423,410.0231,302.8313,4.4748077
260,46,0,224.57516,206.8115,268.33926,283.89584,
260,43,0,311.65912,213.25208,337.65875,285.484,10.962764
260,45,0,346.08813,212.34494,375.50232,310.95084,6.51253
260,39,0,196.61047,215.41843,226.99448,299.718,7.7969713
260,40,0,130.0971,179.23547,164.17114,255.22797,2.620945
260,26,0,403.65085,215.43324,464.772,312.1421,5.7654867
261,15,0,461.9621,201.93176,519.2054,360.0,3.651176
261,27,0,222.32935,226.12805,335.4807,357.893,16.574577
261,41,0,141.89883,216.45284,197.97354,357.753,16.802073
261,47,0,0.122932434,244.44125,94.63264,358.32962,
261,42,0,93.785034,179.37079,134.90608,319.36908,3.2823074
261,44,0,370.0435,204.34735,408.99643,303.30426,5.5270505
261,43,0,312.51312,213.1114,337.94965,289.79218,9.724239
261,46,0,227.32709,206.69891,271.28052,283.6123,12.840615
261,26,0,403.45563,216.66443,466.87872,311.33435,4.405146
261,39,0,196.34076,214.83844,225.54504,306.94727,15.452857
261,45,0,346.888,211.91772,373.7719,311.85162,2.3492615
261,40,0,130.33493,179.32812,163.88065,256.82892,3.8124502
262,15,0,462.55402,201.551,519.56976,360.0,2.3159359
262,27,0,218.70047,225.98407,332.15536,356.64197,15.958719
262,41,0,145.69775,216.9502,200.8919,357.966,15.198175
262,47,0,0.07600403,211.99782,100.02692,358.0255,74.65786
262,42,0,93.75795,179.2125,134.77411,319.79202,0.69472957
262,44,0,365.41177,206.84406,408.9072,303.25024,11.959774
262,43,0,312.66913,213.05046,338.09857,291.2724,3.2663214
262,46,0,227.86932,205.01749,271.7104,282.3854,6.8995976
262,26,0,403.4928,217.26044,467.69055,312.0857,3.583194
262,39,0,194.14963,213.45406,225.08801,308.27167,5.9598947
262,40,0,129.42595,178.98056,163.50706,258.47556,4.107439
262,45,0,347.2475,211.19675,371.72015,310.78275,5.5421896
263,15,0,462.21484,201.49844,519.85583,360.0,0.16818997
263,27,0,206.98514,228.27252,325.83133,356.98077,41.01678
263,41,0,149.74426,218.98235,206.8194,358.08698,22.958454
263,47,0,0.07197571,209.01193,109.96602,357.4727,23.72956
263,42,0,93.88118,179.08783,134.83241,316.62842,7.409871
263,44,0,364.13107,203.49939,406.4153,305.0398,9.181203
263,26,0,405.63983,218.03052,463.0244,318.48303,17.09375
263,43,0,311.98257,212.32336,338.13254,297.74963,13.020829
263,39,0,197.35037,213.8109,222.70996,308.48083,2.246876
263,40,0,128.49243,178.51218,163.945,299.9126,92.18622
264,15,0,462.1809,200.69307,519.9087,360.0,1.8125575
264,27,0,199.76921,224.06537,322.34637,358.2469,24.969757
264,41,0,150.08694,219.20866,208.13937,358.15704,3.7999554
264,47,0,0.2225647,209.12253,116.46338,358.05856,15.039747
264,42,0,94.84012,179.03662,134.80891,312.11688,10.479707
264,44,0,357.63635,203.72577,406.30444,305.7069,14.997929
264,26,0,400.71695,217.57251,465.61252,317.18774,6.56955
264,43,0,312.1914,212.87764,339.24207,297.00763,2.9962358
264,39,0,198.42418,214.5556,221.77376,301.72083,13.538012
264,40,0,129.57143,178.45782,165.03432,304.58722,11.483476
265,15,0,462.97113,201.57639,519.82446,360.0,2.5443463
265,47,0,0.18050385,210.27191,122.630005,357.89996,13.959424
265,41,0,152.16821,219.72911,210.0329,358.28723,9.062306
265,27,0,194.35614,223.6883,318.5099,356.67065,21.270535
265,44,0,355.22873,203.82782,405.60745,305.74506,6.992501
265,42,0,94.26198,179.04828,134.17351,310.5849,4.3768616
265,26,0,406.63385,216.68222,458.03644,316.37973,5.3420854
265,48,0,285.69678,210.90933,327.807,306.8126,
265,43,0,314.59164,211.83723,339.7664,294.41095,10.500882
265,40,0,128.24847,179.26279,163.62848,254.75143,110.49007
266,15,0,464.34137,202.55984,519.61395,360.0,3.4212165
266,47,0,0.1503601,210.48932,132.94754,357.80322,23.148222
266,27,0,180.3566,227.4543,314.9831,358.38727,41.31869
266,41,0,154.78171,219.48608,211.95114,356.82312,10.895906
266,44,0,354.00476,203.65039,405.12872,305.16876,4.1896415
266,42,0,93.74817,178.93643,134.55057,305.60733,11.45532
266,26,0,408.02203,217.366,453.84637,314.28006,7.063454
266,48,0,287.0592,210.54428,331.70813,331.62943,56.27675
266,40,0,129.46887,179.48712,163.72668,255.14429,3.2757676
266,43,0,316.24774,212.33801,339.85236,293.55548,4.0000587
267,15,0,463.83356,202.84125,519.70905,360.0,1.1239693
267,47,0,0.1459198,211.12692,138.63737,357.83725,12.881085
267,27,0,178.82785,228.609,308.39984,357.66992,18.27851
267,44,0,351.81958,204.05359,404.44226,304.32306,6.537458
267,26,0,410.1538,217.9336,454.67603,313.9131,6.6784806
267,42,0,93.46651,179.01047,134.76805,304.92163,1.3837986
267,48,0,289.0995,212.09546,330.66565,330.26233,2.2829423
267,41,0,157.63351,218.55446,214.4307,350.3246,20.576237
267,40,0,129.96051,179.19855,163.57733,255.66788,0.9342015
267,43,0,318.7954,212.66132,339.97058,291.14844,7.6131706
268,15,0,463.2964,203.53381,519.6317,360.0,2.083238
268,47,0,0.0,211.09894,142.96564,358.2964,9.460141
268,27,0,144.695,226.25055,301.15216,358.9936,93.135284
268,41,0,172.94653,215.33481,219.69855,315.9736,96.38626
268,42,0,93.83571,179.31824,134.85226,302.10718,5.731561
268,44,0,349.08182,204.47438,404.56747,306.0343,7.587177
268,26,0,409.1761,216.19264,456.30536,313.18677,5.7417307
268,48,0,292.73062,211.17732,332.5602,293.1485,86.47043
268,40,0,129.7779,179.40387,163.24524,255.27838,1.2300026
269,15,0,463.44116,203.74124,519.04565,360.0,1.0970807
269,47,0,0.08616638,210.84741,153.06021,358.07715,22.931143
269,27,0,151.04507,225.9527,295.33655,359.40314,1.2285023
269,42,0,94.46124,179.04053,134.87534,300.37415,4.75372
269,26,0,407.61694,216.11774,460.22144,314.03198,5.579154
269,44,0,348.38736,204.41887,401.0762,306.32184,9.432355
269,41,0,175.60986,214.12741,217.8609,302.59012,32.882004
269,48,0,293.7746,210.5783,334.07428,316.58148,51.697853
269,40,0,130.09836,179.49637,163.48648,255.13046,1.2699761
270,15,0,463.91345,203.54103,518.54785,360.0,0.45408246
270,47,0,0.18003845,210.93799,151.6684,358.37744,3.0499203
270,27,0,120.94636,228.23105,289.8302,358.9363,80.215034
270,42,0,94.606995,178.94913,134.9238,298.87042,3.615532
270,26,0,395.99957,214.47404,467.50153,313.0838,11.368565
270,44,0,346.3412,204.41357,402.31885,306.13348,1.8597076
270,41,0,177.54095,213.03137,217.54059,287.15704,37.36668
270,40,0,129.7435,179.44373,163.46353,254.91763,1.0389402
270,48,0,295.25928,209.39426,335.10413,302.13943,35.611023
271,15,0,463.5777,203.27802,517.8254,359.23187,3.3244238
271,47,0,0.0,211.05402,149.72191,357.6087,5.0049944
271,27,0,110.44,225.15857,287.10104,358.7677,30.65977
271,42,0,94.95976,179.04663,134.73827,299.34268,1.3360493
271,44,0,345.34097,205.4855,400.3782,308.84683,10.785217
271,26,0,395.0581,214.55377,459.09045,312.75037,21.050955
271,40,0,130.00171,179.43613,163.49353,255.52496,1.4971237
271,48,0,295.589,208.7806,336.31824,319.14215,37.038574
272,15,0,463.56952,202.96918,516.6538,360.0,2.8484976
272,47,0,0.20141602,211.13324,147.90085,358.00507,3.7980568
272,27,0,109.29541,223.74951,279.1815,358.64264,20.684376
272,42,0,94.947815,178.92105,134.704,295.74158,8.385685
272,44,0,347.37122,205.02145,398.50885,307.43387,4.2387676
272,26,0,396.14856,213.74234,460.52124,314.11667,5.808545
272,40,0,129.93079,179.36084,163.45221,255.05557,1.2512761
272,48,0,297.4223,208.81732,336.49152,324.64368,13.253786
273,15,0,461.7517,202.27377,514.9081,360.0,8.169187
273,27,0,87.473785,227.54434,261.3294,358.27353,89.59799
273,47,0,9.7897,211.01639,132.5177,357.64413,13.08268
273,44,0,345.33292,204.36807,401.3998,313.54654,12.432319
273,39,0,194.31494,213.68488,248.20013,299.68756,50.63689
273,26,0,396.89893,213.09583,460.53064,315.05652,1.8324579
273,42,0,98.57263,177.93417,134.17178,284.54016,28.292685
273,48,0,260.8354,205.11575,327.83685,335.06216,102.90933
273,40,0,128.81158,179.16962,163.51172,258.3328,7.3414617
274,27,0,77.01242,227.84961,251.10242,358.66016,46.574825
274,47,0,18.576187,210.49629,132.4578,357.83258,19.648975
274,15,0,460.4682,202.13608,513.3389,360.0,6.4259596
274,39,0,192.78888,214.76021,250.8808,309.01373,23.547096
274,48,0,262.67767,205.85445,329.4568,335.61212,8.312081
274,40,0,128.72067,178.60193,163.55344,254.70123,9.448958
274,44,0,339.86768,204.79156,399.1582,329.53308,40.79174
274,26,0,397.65237,212.94986,460.82846,314.6215,2.70255
274,42,0,97.888824,178.62439,134.43584,280.64435,7.274164
275,27,0,66.10304,229.52402,236.92952,358.459,56.53239
275,47,0,25.161308,210.12689,125.38694,357.86475,1.3304585
275,15,0,458.85522,201.81181,514.1221,359.7663,2.2499661
275,39,0,192.66373,215.8513,255.67624,343.46936,80.66754
275,44,0,341.73718,203.56387,397.54907,322.9393,17.60806
275,26,0,398.12018,212.46681,460.4217,313.61072,3.363934
275,40,0,129.57077,178.69849,163.17163,245.07245,21.473375
275,48,0,265.6031,205.4253,335.326,337.64185,20.11293
275,42,0,101.16394,178.60535,134.60132,256.50818,54.897793
276,47,0,33.439262,211.16495,120.329765,355.6818,7.690989
276,27,0,47.545,229.26837,224.71236,357.799,69.27486
276,15,0,458.12158,201.2607,513.4507,360.0,3.2409983
276,44,0,341.98572,202.20398,395.9983,323.95544,3.0304158
276,26,0,397.19012,212.1972,460.86255,314.4917,1.7617804
276,39,0,194.4342,216.01152,258.18713,357.20404,32.71397
276,48,0,269.82233,204.56606,332.4726,338.20007,3.1469033
276,40,0,130.5146,178.83246,162.95366,234.50171,23.539448
276,42,0,101.094894,178.37646,134.6789,244.47574,27.58798
277,15,0,456.58167,200.42017,512.75183,359.91052,5.454557
277,27,0,33.41533,232.4008,208.17262,358.0174,69.4168
277,39,0,196.28436,215.23743,259.74268,358.60364,7.7909904
277,47,0,38.91596,208.39966,122.091644,337.9654,48.87715
277,44,0,341.69934,201.69452,395.46802,326.27124,4.460318
277,26,0,398.90424,212.14835,461.63873,314.74857,5.6226773
277,40,0,130.35617,178.78198,161.98303,240.4444,13.498675
277,42,0,104.46074,178.66544,134.9215,232.52835,27.459179
277,48,0,271.53436,204.16632,332.34998,336.87177,5.282626
277,46,0,256.45084,212.60614,281.7667,281.68152,88.30443
278,27,0,0.012008667,234.20682,173.89044,358.42697,152.37395
278,39,0,201.33731,215.3161,261.7626,358.19135,15.9316635
278,15,0,456.88495,201.13231,512.67474,360.0,1.8741088
278,44,0,338.68726,201.24768,391.9828,329.1969,15.646747
278,40,0,129.51207,178.50137,161.73137,253.08823,27.926287
278,49,0,181.67923,212.47278,210.7239,268.21777,
278,48,0,272.04395,204.12685,338.05676,329.18823,22.306606
278,26,0,398.39722,211.99393,465.51178,317.2136,9.186244
278,46,0,257.1986,212.56564,284.99036,318.44308,83.1042
278,42,0,100.32388,178.21701,134.87572,233.3623,9.450815
279,39,0,204.0487,215.55453,264.3486,359.09848,12.19465
279,15,0,457.05396,201.00705,512.78156,360.0,0.681574
279,27,0,10.38324,235.52957,149.13126,357.473,32.38353
279,44,0,337.75568,201.24084,390.04547,332.5288,9.881234
279,26,0,396.75842,210.22481,480.11865,322.93866,30.505592
279,40,0,130.64651,178.24118,161.56033,253.72723,2.3292208
279,48,0,275.2278,203.93991,339.80325,324.03592,16.351767
279,49,0,179.75124,212.50916,210.46736,268.6103,5.00905
279,46,0,258.85028,212.85909,286.2807,318.70197,6.735173
279,42,0,103.44606,178.4957,134.58214,218.65784,33.07608
280,15,0,456.61188,200.73935,512.28876,357.35953,6.873239
280,39,0,206.01343,214.34311,265.25867,359.19992,6.933675
280,47,0,66.51105,209.12674,197.7366,357.75943,236.83455
280,44,0,336.874,200.84743,389.6647,332.5299,2.974521
280,26,0,395.8822,211.54417,481.82666,330.05518,19.072847
280,27,0,0.208992,234.36865,120.81998,358.09424,86.600945
280,46,0,260.68408,213.17128,287.8993,319.3955,8.090782
280,49,0,178.54584,212.65118,210.48218,268.92664,2.8704858
280,40,0,131.31694,178.2991,162.1559,253.08337,3.138775
280,48,0,279.4323,201.73825,339.8252,316.8749,23.11292
281,47,0,67.504875,210.70343,197.96027,358.00653,4.933875
281,15,0,456.4094,200.80408,511.60098,356.15778,3.2491934
281,39,0,206.00137,214.25668,265.2688,359.2216,0.14577037
281,26,0,395.815,212.60052,484.30475,333.40344,11.2978
281,44,0,335.71466,202.37976,388.00153,333.59796,8.635035
281,46,0,261.09164,213.48273,289.05203,318.64526,3.646856
281,49,0,177.70816,212.70282,209.71829,269.18488,3.6703463
281,40,0,131.5485,178.78754,161.1572,252.34238,1.8172268
281,27,0,0.09715271,235.81131,86.81627,358.75284,76.90544
281,48,0,281.2672,201.68405,341.30017,318.7089,8.455604
282,15,0,456.34283,200.67224,511.16083,354.74164,3.6647944
282,39,0,210.71756,211.92876,265.23352,358.32245,12.792344
282,44,0,334.18115,201.74954,387.4088,335.8079,5.959869
282,26,0,396.67206,212.4815,483.88397,330.61023,6.6256413
282,47,0,70.61345,211.3676,202.73338,357.8803,17.775047
282,46,0,262.09796,214.0074,290.01447,319.93317,6.0211587
282,49,0,177.0319,212.82092,209.65742,268.58966,1.975628
282,48,0,282.08923,201.57735,341.864,322.55792,8.979023
282,40,0,131.4549,177.95425,162.02063,245.22632,17.969692
283,15,0,456.36298,200.22345,509.2621,342.43018,29.020048
283,44,0,334.8361,204.55916,385.0269,335.96027,7.714512
283,39,0,216.79663,212.54745,263.89874,356.5892,10.965275
283,26,0,396.93414,213.01627,484.33142,334.3973,9.854314
283,46,0,262.5483,214.52502,294.19467,319.28424,10.422934
283,47,0,82.6198,210.79141,206.14732,357.6519,34.742847
283,48,0,286.19113,201.84503,340.47964,327.98694,14.201322
283,49,0,176.3737,212.84387,209.92519,269.57217,2.426873
283,40,0,132.25525,177.22961,160.45862,222.4053,53.005432
284,15,0,456.10013,199.92867,508.76413,338.81683,8.95839
284,39,0,220.30807,212.07196,266.53476,358.17328,14.054889
284,47,0,85.64938,211.70721,212.91339,357.4046,22.091488
284,44,0,332.98785,203.00641,384.07312,339.14276,7.2933784
284,46,0,263.98236,214.23914,295.45752,318.46735,6.5557275
284,48,0,286.51666,202.43834,338.18024,354.15552,60.377842
284,26,0,397.06885,213.37311,487.37915,330.48578,10.7350445
284,49,0,176.42285,212.65549,210.50507,274.401,10.536483
284,40,0,132.36438,176.8292,159.64465,220.78683,4.811376
285,15,0,456.21948,199.9454,508.51648,338.49155,0.7518242
285,39,0,223.43344,212.0331,269.60367,357.86353,13.959176
285,47,0,87.64383,210.84195,213.77603,357.16782,6.890092
285,44,0,330.16956,204.00284,383.06018,345.57462,18.805717
285,26,0,397.95087,213.4693,487.66748,335.61035,12.038255
285,48,0,287.03998,202.15802,336.63788,346.24567,18.57001
285,46,0,265.49246,213.80643,296.2916,318.93118,5.2748632
285,50,0,95.25795,177.44852,133.9656,248.30316,
285,49,0,176.49869,212.56703,212.10489,286.76074,27.866583
285,40,0,131.75006,177.28735,159.82196,217.05295,7.4356833
286,15,0,456.37735,199.47318,508.54166,340.1924,2.7949455
286,47,0,94.1681,211.27112,215.87604,356.77454,19.40477
286,39,0,226.43216,212.57664,271.65674,358.2423,11.554427
286,26,0,396.3374,213.15044,486.85052,334.72552,6.1023436
286,44,0,314.02185,205.14073,379.1388,355.26294,51.306698
286,48,0,285.5003,203.93506,335.42535,341.84924,8.548746
286,50,0,94.59073,178.15799,134.24225,248.74124,2.7274501
286,49,0,176.91959,212.55016,212.60233,287.1809,2.256747
286,46,0,266.54956,213.32513,297.5188,319.74457,5.19371
287,15,0,456.352,199.65112,508.3864,342.1438,4.808202
287,47,0,99.492676,210.37975,215.9014,357.312,12.063682
287,39,0,229.27206,213.32994,276.77914,358.33093,18.015072
287,26,0,396.7307,212.57024,487.42322,335.85492,2.5002117
287,44,0,323.05426,206.20331,377.34564,351.26825,17.57367
287,50,0,94.984604,178.36267,134.3886,249.32785,2.155754
287,48,0,287.32574,205.56761,335.19818,345.20435,11.784356
287,46,0,266.89294,212.76292,297.28796,320.286,0.25750342
287,49,0,177.84563,212.57532,212.16438,283.35297,8.626482
288,15,0,455.4327,199.41888,507.3123,334.30377,18.708197
288,39,0,232.005,215.7229,288.2821,357.71045,32.278088
288,47,0,108.486305,210.85127,222.8414,356.70038,35.85204
288,44,0,320.02112,203.04462,374.42053,347.14825,21.16436
288,26,0,396.22772,212.98856,484.9167,328.02267,18.003336
288,40,0,128.34467,177.06604,158.75208,239.51175,51.037518
288,50,0,96.22632,177.64923,134.34048,284.1632,76.82127
288,46,0,267.7824,212.64592,304.30505,314.09076,22.763748
288,48,0,289.00385,206.55057,335.54706,345.0613,4.936726
289,15,0,455.24866,199.40677,507.4444,332.1315,4.9162602
289,39,0,231.17749,219.09985,290.2445,357.38947,7.3347645
289,44,0,319.6242,202.36853,373.3985,346.68854,4.0894666
289,47,0,112.93947,208.02031,223.45738,355.42694,14.675478
289,26,0,396.41733,214.2199,480.70114,329.26825,10.635473
289,50,0,95.69858,177.40445,134.45868,291.2485,15.418719
289,40,0,128.42697,176.87311,158.26535,240.7319,2.4839215
289,46,0,269.807,212.9412,305.15662,310.63882,9.608554
289,48,0,296.69684,204.26186,334.79303,343.7345,17.604918
290,39,0,231.2062,218.4886,292.5601,357.18927,5.5817285
290,15,0,454.77454,199.85965,507.51416,331.43472,1.0624928
290,26,0,395.62213,212.88649,479.83942,330.07227,3.913754
290,44,0,316.78238,200.82903,372.56192,348.79742,8.374983
290,50,0,95.77672,177.41147,134.58427,308.58743,39.031067
290,47,0,117.14847,209.15915,227.4036,357.28885,19.551954
290,40,0,128.51392,176.45769,158.401,243.45576,5.218084
290,46,0,273.34464,211.1057,305.39304,319.84058,18.622797
291,39,0,232.28162,217.24583,291.55957,356.2533,4.9049945
291,15,0,454.24115,200.36235,507.1098,330.67218,2.1894176
291,47,0,119.38186,208.54199,231.5516,357.18005,14.450779
291,50,0,95.87167,177.69836,134.21738,312.05457,8.468697
291,26,0,394.91815,213.36197,482.3553,330.03677,4.195237
291,44,0,311.4363,199.04707,372.3843,350.39032,12.435563
291,40,0,128.41092,176.5015,157.90445,246.77893,7.694859
291,46,0,277.49026,211.0165,307.23447,311.2881,23.65437
292,39,0,235.20691,217.01974,290.96198,354.63522,6.681843
292,15,0,453.50598,200.76938,507.19788,331.75064,3.6456687
292,47,0,124.48216,208.19934,230.24828,357.12482,8.589953
292,44,0,308.0905,195.68411,370.1673,349.31015,16.018684
292,50,0,95.649414,177.886,133.8823,312.35986,1.6740978
292,26,0,393.82794,213.27182,464.315,326.95047,43.632923
292,40,0,129.12057,176.8945,157.59207,250.018,8.220921
292,46,0,277.99655,211.01517,307.2797,307.70773,8.153726
293,44,0,300.58002,197.10179,365.86273,350.3811,27.16721
293,15,0,452.80237,200.64302,507.60907,334.30475,5.5018845
293,47,0,130.47585,208.85767,244.27477,356.86682,45.054386
293,39,0,244.98271,217.0655,294.47064,351.49542,30.690094
293,50,0,95.21069,177.28403,133.37793,313.569,2.5236871
293,26,0,393.07843,213.37001,483.46478,328.7931,41.630264
293,46,0,281.8484,211.49045,307.73315,308.32474,9.993819
293,40,0,128.9633,176.87314,156.30028,266.66583,37.551353
294,44,0,300.01868,196.52751,365.75146,348.38385,5.9805927
294,15,0,451.90784,200.29272,508.06158,335.30865,1.7753696
294,39,0,247.90979,215.24469,296.25427,348.54913,15.079328
294,50,0,94.90259,177.2817,133.94792,314.44318,2.048199
294,47,0,132.08902,208.53122,245.2045,356.65524,5.8482037
294,26,0,392.78424,213.40564,478.6922,330.10846,11.798546
294,40,0,128.96368,177.15173,156.23346,272.88995,14.631875
295,44,0,300.91296,196.71985,363.4709,348.23254,3.1205208
295,15,0,452.0378,199.44751,508.37076,335.08844,2.5928664
295,39,0,251.8081,212.75775,298.72998,348.07928,15.809475
295,47,0,135.91922,209.15672,244.31839,356.07324,6.62493
295,50,0,95.412766,177.30122,134.1396,314.08282,1.7555248
295,26,0,392.32245,213.87048,481.6176,330.44507,5.829091
295,40,0,128.81287,176.94073,156.28406,280.11,15.771936
296,15,0,451.85303,198.58105,508.5039,334.253,3.8310466
296,44,0,296.75806,198.77855,363.38818,351.12952,14.670998
296,39,0,254.95601,212.70982,299.92328,347.69275,9.81646
296,50,0,95.45262,177.38092,134.30998,314.36108,0.9340681
296,47,0,137.89369,209.90889,245.29793,355.78156,6.72678
296,51,0,349.6183,205.93762,389.23096,321.11365,
296,26,0,392.67822,213.8097,481.80292,330.80078,1.3865238
296,40,0,128.76967,176.93723,156.36467,291.2855,25.137133
297,15,0,451.61664,197.90532,509.0509,335.92218,2.3420093
297,44,0,295.20224,200.91913,363.10117,355.40698,15.024061
297,39,0,259.23987,211.05045,301.69812,347.05392,14.579903
297,50,0,95.1452,176.78407,134.47656,314.07703,2.0072424
297,47,0,140.78009,210.6129,250.59161,356.68933,18.759083
297,51,0,349.95197,204.86456,388.7254,322.52985,0.8635013
297,26,0,393.349,213.59204,482.31604,331.61768,2.9855633
297,40,0,128.57748,176.98605,156.50378,294.57584,7.5140862
298,15,0,453.16614,196.61948,509.29797,339.3032,6.209891
298,39,0,261.42203,211.68103,303.8613,347.562,10.107116
298,44,0,293.50763,202.41696,359.53217,353.48746,11.88107
298,47,0,149.71204,209.90765,261.201,356.91614,43.981148
298,50,0,95.168015,176.6745,134.87639,313.22906,2.354952
298,26,0,394.36243,213.12744,481.81787,334.0318,4.5370483
298,51,0,353.8504,202.31337,389.00787,321.13245,12.939261
298,40,0,129.29724,176.92154,156.52036,288.6047,13.680884
299,15,0,453.78378,196.3978,509.1956,338.86215,1.8887795
299,39,0,262.83154,209.7207,304.42993,346.41376,8.290374
299,44,0,290.52417,203.2955,357.42755,355.18924,12.836158
299,50,0,95.41257,176.24194,134.96619,312.53015,2.6546319
299,47,0,154.02267,211.10248,260.7712,356.70715,9.009263
299,26,0,395.93213,213.52774,483.13916,334.29715,6.674927
299,51,0,353.4541,202.56552,389.3047,321.75748,1.986347
300,15,0,454.21582,196.00868,510.02014,338.59937,3.185175
300,44,0,287.6992,200.19434,360.4064,358.35205,0.37295765
300,39,0,265.68652,210.00089,303.8357,346.0671,5.0888677
300,50,0,97.29698,176.00774,134.26778,313.49323,3.132171
300,26,0,396.3086,213.5177,481.49475,334.1618,2.8715675
300,47,0,157.4924,210.20659,254.418,320.45258,83.83991
301,15,0,454.09796,196.38065,509.8576,338.91818,1.677451
301,44,0,284.26038,202.81866,357.62958,359.78894,16.705797
301,39,0,267.11664,212.08484,304.68237,346.37177,7.4247456
301,50,0,96.64879,175.95804,134.14275,313.58316,1.742106
301,26,0,398.9137,213.29233,482.02576,334.9855,7.1835175
301,47,0,159.70819,209.88324,257.28888,318.84375,12.2428875
302,15,0,453.97797,196.13666,509.8321,348.27496,20.506397
302,44,0,283.9638,201.79828,356.1861,357.7793,7.861765
302,39,0,268.9073,212.19696,305.15485,345.73718,5.225956
302,50,0,96.276794,175.85864,134.2348,313.18323,1.2880031
302,47,0,164.2945,210.81374,273.16895,358.04492,101.36049
302,26,0,398.9129,212.96983,481.95886,335.87598,1.2870272
303,44,0,279.51807,201.58427,352.5785,358.20294,18.126163
303,15,0,455.03424,196.32141,509.2182,342.36707,12.915486
303,26,0,396.52893,212.59401,484.20032,336.73743,1.138674
303,50,0,95.89455,176.21875,134.88434,312.5313,0.8903734
303,47,0,169.6409,207.77739,269.78,357.47394,9.234395
303,39,0,272.65057,209.26578,307.55426,352.93167,16.823702
304,44,0,275.4998,199.01476,352.86978,358.2262,10.155932
304,26,0,392.7133,212.4785,487.94107,337.92798,2.4247768
304,15,0,455.20056,196.1584,509.10577,340.92767,3.6074767
304,50,0,95.69539,176.12427,134.84482,312.84595,0.73059165
304,47,0,174.1485,209.03168,272.73215,353.29163,18.031086
304,39,0,275.17685,211.13397,308.15433,344.87787,15.594263
305,26,0,392.5152,213.10942,488.2406,337.83746,1.237148
305,44,0,272.42136,197.71017,352.38412,358.44406,8.383688
305,15,0,455.1776,195.69464,508.3061,341.26447,1.8728329
305,50,0,96.11583,176.32173,134.76817,313.35284,1.7634869
305,47,0,178.82574,211.1477,275.83734,355.636,20.182568
305,51,0,334.01544,206.88763,386.31525,318.4867,50.51864
306,26,0,393.13226,214.08032,486.81134,338.5348,4.1747017
306,44,0,274.17072,196.26561,354.07623,358.547,8.310887
306,15,0,455.64066,195.32549,507.619,340.61432,2.348152
306,50,0,95.68675,176.2378,134.01312,314.21765,3.1914632
306,47,0,182.09338,209.3837,276.99396,356.76675,10.056022
307,26,0,393.69653,214.50166,485.9535,339.48065,3.1462936
307,15,0,456.90503,194.8894,506.86316,340.55963,1.5901732
307,44,0,275.15375,195.79672,348.83563,358.37735,9.68667
307,50,0,95.67828,176.17279,134.73102,314.3639,1.606642
307,47,0,187.56161,207.19882,277.73196,356.5425,14.979194
307,40,0,128.79262,175.31165,156.29744,279.1466,24.956726
308,44,0,271.42267,195.0044,345.83575,358.71222,15.179589
308,26,0,395.2102,215.46823,483.5952,340.71506,5.3043284
308,15,0,456.64246,194.6546,504.77026,341.07306,5.336754
308,50,0,95.01256,176.19482,134.76894,314.5379,1.4798366
308,40,0,129.091,175.7779,156.66156,278.51633,1.535649
308,47,0,193.01047,207.84055,278.72995,306.80142,111.42179
309,44,0,270.13898,195.16533,342.01752,358.64728,11.481371
309,26,0,395.98135,215.83194,491.35214,342.68875,19.895844
309,15,0,455.09085,194.40402,503.1105,338.92087,9.024203
309,47,0,198.90305,206.53757,277.58994,355.87448,108.013306
309,50,0,94.956665,175.8921,134.90031,314.4254,0.9495625
309,40,0,129.18591,175.68146,156.45258,276.38657,5.015513
310,44,0,267.55304,195.75812,342.1787,358.4005,5.51094
310,26,0,398.10095,216.60568,485.27515,341.55112,8.941708
310,15,0,452.47485,195.48868,503.89178,341.52036,9.260355
310,50,0,94.90332,176.13704,134.91968,313.86444,0.7151887
310,47,0,202.56296,207.37822,276.1119,355.84003,5.233657
310,52,0,170.84561,211.56549,206.3988,266.9112,
310,40,0,128.91663,175.33243,156.01035,273.76532,6.8721924
311,44,0,267.57855,197.68741,339.89276,358.8315,7.353248
311,26,0,400.51672,216.87929,491.9447,345.63147,22.668121
311,50,0,94.89209,176.06235,134.90305,313.70267,0.5356938
311,15,0,451.39746,195.70837,501.4165,342.12115,8.203927
311,47,0,207.32095,207.10956,275.00702,315.88934,90.86608
311,40,0,129.18939,175.47351,155.79004,268.9029,10.623679
312,44,0,268.17087,197.36751,338.10226,358.28754,3.323568
312,26,0,401.9859,218.03775,479.51593,348.01266,25.913319
312,50,0,95.090744,175.91006,134.18901,313.45505,1.4677509
312,15,0,450.53558,194.92862,499.8626,342.41104,5.5461116
312,47,0,210.45377,206.33517,273.17426,352.30368,80.243225
312,40,0,129.11652,174.96371,155.48944,257.35114,27.151503
313,44,0,261.23883,196.56685,331.9544,358.8011,29.436853
313,26,0,409.02582,219.16713,498.5069,358.0326,63.715675
313,50,0,94.67076,176.00551,134.16208,313.49646,1.0516387
313,47,0,214.19495,206.09195,270.17804,357.9365,12.241866
313,51,0,339.29956,203.42606,392.97162,316.23746,29.780748
313,40,0,128.92014,174.59222,155.30673,255.30933,5.4965076
314,26,0,410.3637,219.37634,499.06738,358.54517,4.569678
314,44,0,257.38495,195.6403,327.83575,358.31268,18.218512
314,50,0,94.88353,176.01534,134.19804,313.51495,0.5632663
314,47,0,219.49222,206.98198,271.9318,355.71857,16.143688
314,51,0,341.31998,203.02463,393.09573,317.72263,5.4063272
314,40,0,128.74297,174.77414,155.11229,256.18335,2.518696
315,44,0,251.26904,198.68124,324.4817,358.56534,22.559322
315,26,0,410.22754,220.07233,500.90405,358.9549,4.563842
315,50,0,94.81531,175.78934,134.22702,313.06186,1.5304729
315,46,0,324.7506,204.39046,348.61975,299.13617,192.05412
315,51,0,342.8045,202.47778,392.75006,314.0705,9.78902
315,40,0,128.80249,174.78107,155.02429,255.3645,1.8279432
316,44,0,245.09814,198.57855,323.88452,358.61206,15.228669
316,26,0,408.0625,221.71655,506.49377,358.98566,8.577794
316,50,0,95.191315,175.78592,134.99124,312.93912,2.5811694
316,51,0,343.63,203.66727,393.68506,314.57852,5.502569
316,46,0,325.25128,205.49835,348.63666,291.61914,14.467463
316,40,0,129.0028,174.42142,155.24219,253.96045,4.078368
317,44,0,234.70389,196.96857,317.38705,357.8991,38.36407
317,26,0,407.4355,222.0345,507.9458,359.2376,2.256083
317,50,0,95.30643,175.67589,134.90619,312.91418,0.31107622
317,46,0,325.93616,204.89989,349.84186,304.23474,27.37098
317,51,0,345.33844,205.29346,392.99744,314.8416,4.8317122
317,40,0,129.14462,173.9903,155.35995,253.00525,3.1734347
318,44,0,228.4039,192.63158,309.96243,358.22644,32.171238
318,26,0,408.65808,222.19933,510.60242,358.7882,8.751676
318,50,0,95.49977,175.54349,134.13881,312.29282,2.131817
318,40,0,129.36964,172.88269,155.44252,251.79913,5.251672
318,46,0,329.41254,206.37816,350.7243,288.0149,34.588104
318,51,0,346.40417,203.9326,396.23535,312.7445,12.42171
319,44,0,221.95146,191.21161,308.17572,358.39374,18.751097
319,26,0,410.36304,221.25435,513.6919,358.86652,10.962318
319,50,0,95.376236,175.56168,134.3666,312.87656,1.3745011
319,51,0,348.9698,201.46417,397.75323,312.43243,11.115596
319,46,0,330.74548,206.1954,351.73572,279.44424,20.389317
319,40,0,129.409,172.19449,155.63818,252.57547,0.5647464
320,44,0,219.45593,189.21794,306.6137,358.30658,10.259984
320,26,0,412.036,220.87166,512.53955,359.3366,1.1878096
320,50,0,95.603,175.62915,134.43817,312.7874,0.67303264
320,46,0,331.41437,206.65001,353.24347,286.38696,17.34958
320,51,0,349.62952,202.07347,399.25598,310.18237,6.107559
320,40,0,129.42725,172.02264,155.93939,252.8703,0.7702067
321,44,0,209.3287,186.81308,305.7814,358.1849,25.305733
321,26,0,411.12897,221.2136,512.8065,359.4658,1.7882344
321,50,0,95.84956,175.56339,134.58662,312.91684,0.90026146
321,51,0,350.04715,201.05952,397.6783,309.51215,4.601359
321,46,0,331.86646,205.71368,354.28888,288.61646,4.451783
321,40,0,129.42764,171.89392,155.88348,254.39648,3.146767
322,44,0,196.5987,184.9401,303.84714,358.15244,33.272
322,26,0,411.45435,220.29898,511.96216,359.3751,2.5455751
322,53,0,400.91595,190.86862,460.86633,337.35037,
322,50,0,95.963974,175.61884,134.55696,312.79865,0.2372543
322,51,0,349.1022,200.63428,398.96292,315.48376,12.502749
322,40,0,129.53926,172.65533,155.79802,253.232,0.90882844
322,46,0,332.00552,205.03113,355.53867,273.8261,34.95399
323,44,0,181.45325,184.52354,302.33978,357.48584,37.547974
323,53,0,390.1117,191.70935,459.71643,343.71008,31.399258
323,26,0,412.89056,220.2734,503.2928,358.47397,16.407621
323,50,0,96.4202,175.66249,135.11655,313.22168,2.515226
323,51,0,354.06818,201.03955,400.10358,312.0987,15.288431
323,39,0,276.71646,207.17087,341.18674,353.63937,78.53271
323,46,0,334.87787,204.5038,357.00293,287.32825,30.78074
323,40,0,129.93945,172.75217,156.19098,259.64987,14.766332
324,44,0,166.80377,185.41658,301.56635,357.90607,34.827118
324,53,0,385.86902,191.65955,459.63672,345.5584,10.533682
324,26,0,417.76,221.22789,500.9663,357.53455,5.721781
324,50,0,96.38782,175.39595,134.62729,313.29913,1.2484136
324,51,0,353.9889,200.98947,401.04797,310.49088,4.2075872
324,39,0,275.2182,207.09518,347.85254,341.85934,29.099157
324,46,0,335.91626,205.34698,357.62976,271.20087,34.592907
324,40,0,130.23422,172.81445,155.9526,254.52048,11.401698
325,53,0,381.07123,191.09418,458.68518,349.90192,15.479132
325,44,0,162.4336,186.69675,301.14972,357.64542,11.011891
325,26,0,424.684,220.49506,498.33896,357.7834,9.728563
325,50,0,95.95172,175.07312,134.33884,315.04767,3.5983462
325,39,0,279.47552,206.30573,347.90546,339.8559,11.556005
325,51,0,354.83264,199.78214,401.47614,306.40952,12.238856
325,46,0,336.82953,203.50021,358.3199,262.0267,25.058159
326,53,0,378.28064,187.84064,457.10034,352.00623,10.178631
326,26,0,425.49307,220.06311,496.6387,357.88397,2.139265
326,44,0,175.3742,187.59198,301.281,357.2871,29.436571
326,50,0,95.716385,174.85591,134.36931,314.57782,1.6131707
326,39,0,279.85803,206.42838,351.66895,333.52988,16.787937
326,51,0,355.15784,199.28906,400.70392,304.83948,4.7497134
327,53,0,375.87726,186.81049,455.60992,354.52386,9.378557
327,44,0,142.56195,188.34587,293.53522,357.54816,91.28417
327,26,0,426.70908,220.66653,495.0325,357.97025,1.7829552
327,50,0,95.89143,174.5319,134.32848,314.4135,1.1393814
327,39,0,279.74536,207.18907,353.3208,331.5559,4.4097023
327,51,0,355.39853,198.57257,398.7957,302.58173,7.672076
328,44,0,135.29395,190.0036,290.97327,357.88043,22.566061
328,26,0,421.32794,218.67581,494.85004,358.2653,13.086599
328,53,0,383.91168,188.24355,450.87805,354.406,7.9982862
328,50,0,96.47867,174.47403,134.37006,312.58914,4.465172
328,39,0,285.4015,207.3388,359.81946,329.00574,27.876488
328,40,0,129.91214,174.98624,156.18652,250.93686,3.1828158
329,44,0,134.8786,190.61005,287.8202,357.40472,8.034333
329,26,0,423.48566,217.42448,495.10492,358.6817,5.744195
329,53,0,389.1066,187.26166,448.33945,355.47736,5.9800897
329,50,0,97.10092,174.48874,134.36937,312.44772,1.4272883
329,52,0,170.95348,208.46948,203.96263,260.89093,21.170029
329,40,0,129.84277,174.64078,156.10034,251.17465,0.4256437
329,39,0,288.08066,205.785,360.00662,315.6735,34.108864
330,44,0,132.76553,190.61769,280.5067,357.4104,21.209745
330,26,0,421.1386,216.58925,495.54987,359.08582,4.388293
330,53,0,393.3225,187.31873,446.89893,355.59882,6.257535
330,50,0,97.10152,174.45853,134.42221,312.3814,0.24824461
330,39,0,291.5715,205.12952,364.1003,325.67865,27.088118
330,46,0,337.6234,204.71442,362.53705,255.172,16.976078
330,40,0,129.49197,172.78351,156.02228,252.26257,1.9818151
330,52,0,170.82855,208.15225,203.94348,264.18973,6.716354
331,44,0,132.29257,187.54074,275.49487,357.2869,14.288096
331,53,0,372.34296,187.8065,446.64496,355.65405,47.791042
331,50,0,96.85771,174.61362,134.37581,312.3304,0.6937006
331,26,0,416.57343,216.97879,495.82587,358.24106,9.704861
331,46,0,338.85095,202.96143,363.67505,254.73517,7.252921
331,39,0,295.92358,205.8064,367.58142,322.72162,18.35619
331,40,0,129.4235,172.67657,156.24594,252.24982,0.4409489
331,52,0,171.18494,207.91449,198.53601,247.92987,38.82048
332,44,0,136.64938,185.81532,270.84485,357.39404,3.7004282
332,53,0,373.45255,194.37105,445.60495,356.6833,17.086655
332,26,0,415.16327,216.49237,495.6599,358.638,3.5519595
332,50,0,97.00369,174.4766,134.51732,312.49518,0.6498587
332,39,0,299.22772,206.25073,370.6662,323.39484,14.593323
332,46,0,341.52457,203.87775,363.50113,253.27332,5.7566943
332,40,0,129.95596,171.6669,155.77664,271.51016,41.064255
333,44,0,134.66522,181.53247,261.66742,357.93713,26.485739
333,53,0,375.35342,189.6857,441.74747,355.5482,13.816128
333,26,0,412.36926,214.54796,495.3766,357.70642,9.477072
333,50,0,98.037766,174.59055,134.70348,310.41437,5.207907
333,39,0,305.98645,207.57884,374.84424,317.61694,26.566519
333,40,0,129.99203,171.29633,155.94412,272.50586,1.4792123
333,46,0,344.41522,203.19742,364.1087,247.55682,16.40448
334,44,0,134.51086,179.90796,257.81503,357.823,9.827349
334,53,0,379.35666,188.70363,440.86032,355.7046,7.253157
334,26,0,420.74463,214.70798,494.30212,357.43802,16.428843
334,50,0,97.47432,174.94406,135.14993,312.39807,5.2653275
334,40,0,129.90846,172.10492,158.80437,298.57672,60.800606
334,39,0,309.6594,206.88779,369.73294,299.1741,43.17277
334,46,0,346.42084,203.107,364.3382,243.15527,11.288977
335,44,0,135.69476,177.56717,255.1911,357.49448,6.8241873
335,53,0,378.234,189.19644,439.1881,357.2507,7.7839994
335,26,0,423.1328,215.21434,494.66486,357.63293,6.3875237
335,50,0,97.78282,174.37445,135.0789,311.85245,2.5655336
335,40,0,129.76595,171.07895,157.85222,294.70724,11.286771
335,39,0,311.8227,206.73865,366.0099,303.32892,9.671931
336,44,0,133.81125,176.54784,248.88943,357.2583,18.632044
336,53,0,372.6242,190.12329,437.68518,357.16833,16.116049
336,26,0,427.72186,215.25958,495.45392,357.60132,12.100792
336,50,0,96.923645,173.60367,134.25482,310.49728,6.1011953
336,40,0,130.87631,171.02689,157.05069,252.06427,96.06635
336,54,0,286.84564,214.3204,316.03864,303.6085,
336,39,0,314.70276,205.775,371.02405,279.6085,58.31029
337,44,0,132.86118,176.74353,244.42316,357.7276,12.278292
337,26,0,425.39124,215.83405,495.65906,357.61066,4.9594636
337,53,0,371.4132,190.40381,436.61133,357.28186,5.2168055
337,50,0,97.00856,174.32895,134.98734,309.94714,1.8809563
337,54,0,288.1014,214.617,317.3253,303.46313,5.730557
337,40,0,130.63852,170.62915,152.60614,250.82379,11.1614685
338,44,0,126.065445,178.66963,236.80858,357.87933,32.75851
338,26,0,399.02356,216.32597,497.28845,357.46796,55.666676
338,53,0,369.7752,189.57971,433.57,357.3393,10.668849
338,50,0,97.38046,174.45737,135.13397,309.2211,1.7802601
338,54,0,288.03983,214.56776,319.09415,303.77295,3.8858488
339,26,0,391.49017,217.37892,491.16986,357.7401,30.8613
339,53,0,365.36176,189.30719,430.4884,357.57837,16.864042
339,44,0,107.62814,179.04333,217.16226,357.28094,85.68964
339,54,0,290.8641,213.6266,320.50876,300.07056,14.146543
339,39,0,323.67365,205.76575,373.43506,315.45465,84.60215
339,52,0,171.33017,206.24731,208.1018,254.26587,24.243893
340,26,0,386.86102,218.15575,493.35052,357.72327,5.7683873
340,53,0,361.06738,188.61835,429.14038,358.05267,12.704562
340,44,0,101.94263,180.7591,218.98788,357.73413,9.961964
340,55,0,0.018749237,189.33202,29.700882,358.276,
340,54,0,291.91245,213.5921,323.27054,299.99164,8.576565
340,39,0,330.60992,203.71603,373.98663,318.9681,17.166557
340,52,0,171.8183,206.3692,207.51852,253.11981,2.3143065
341,55,0,0.024646759,187.5529,38.621475,358.5783,20.357613
341,44,0,87.92439,184.33969,195.46025,357.629,84.839355
341,26,0,381.6869,221.18153,492.5609,358.00854,15.347773
341,53,0,359.38248,186.68869,426.98105,359.3254,8.774918
341,54,0,293.6657,213.38214,323.03876,299.05792,4.282638
341,39,0,334.15204,203.07938,376.97394,326.83646,21.92228
342,55,0,0.0036315918,186.91354,45.236797,358.03207,15.07509
342,53,0,356.85736,185.34149,426.20593,358.8363,8.497599
342,26,0,379.85645,221.7707,489.36987,358.09918,11.401406
342,44,0,76.593094,183.3622,187.36583,357.54846,43.77265
342,54,0,293.08545,213.31741,323.46045,298.31503,1.8518329
342,40,0,132.6957,170.34561,157.35997,247.249,17.612852
342,52,0,170.32578,205.7468,208.85342,262.2823,19.218428
342,39,0,336.43436,200.36139,374.8066,323.3081,14.056642
343,44,0,68.125946,184.88312,185.73773,357.59363,22.986
343,53,0,355.4713,184.07916,424.1526,357.80573,9.3006525
343,26,0,374.62488,219.03345,492.09424,358.24066,8.119992
343,54,0,294.27637,212.53325,323.79364,296.58258,6.619817
343,40,0,131.50748,170.74127,157.0253,248.91876,5.7738647
343,52,0,170.72037,205.56567,209.39359,262.75616,2.2039316
343,39,0,336.781,198.93738,377.26843,303.05725,49.17613
344,26,0,370.30847,218.44417,494.07788,358.5251,5.2933526
344,44,0,27.352066,181.45078,163.65022,357.78043,141.62651
344,53,0,352.08325,182.77174,419.739,357.07642,18.142012
344,50,0,100.03328,173.71487,134.99643,256.29965,120.87641
344,54,0,296.59625,212.8694,325.44183,297.1266,9.145156
344,40,0,131.12968,170.59964,156.95448,263.1838,31.793705
345,26,0,367.51514,218.24207,493.00623,358.36084,8.735202
345,44,0,6.8026123,179.14406,171.75085,357.88672,28.444048
345,53,0,344.9606,182.0397,417.77872,357.86148,20.43698
345,50,0,99.24568,173.49432,135.03331,259.36993,6.6306496
345,54,0,297.49265,213.37013,326.02426,298.01306,4.562151
345,40,0,130.71909,171.0358,158.04355,273.24872,23.676666
346,44,0,0.27471924,175.70808,140.91846,357.2083,84.568855
346,26,0,364.2857,217.56143,491.4184,358.1188,11.035859
346,53,0,340.96295,181.13983,416.06635,356.65326,13.695166
346,50,0,98.15831,173.384,134.81728,268.39487,20.271135
346,54,0,297.44357,213.77078,326.08566,297.98715,0.8436568
346,40,0,130.76584,170.95349,157.00397,264.17084,20.731125
346,52,0,170.1427,205.30145,220.25842,310.14697,108.53168
347,44,0,0.06492615,170.95508,153.46292,357.22797,29.726288
347,26,0,362.62988,218.26253,491.10297,357.7824,4.51058
347,53,0,337.2268,180.46342,414.5786,356.50824,11.898141
347,50,0,98.08751,173.27222,134.9209,280.6681,27.363335
347,54,0,297.63025,214.08154,326.6952,297.73602,1.7964755
347,40,0,130.93411,170.82974,156.73068,246.60687,39.79805
347,52,0,170.156,205.38733,220.00916,309.85297,0.70793194
348,44,0,0.0639801,170.9321,153.35199,357.21622,0.2635735
348,26,0,361.76385,216.6004,490.7652,357.95868,4.302648
348,53,0,337.18555,180.46828,414.5913,356.49915,0.06498497
348,50,0,98.11859,173.28693,134.92912,280.711,0.15693249
348,54,0,297.70303,214.08626,326.64316,297.76007,0.07977402
348,40,0,130.92339,170.83972,156.71626,246.58661,0.06112861
348,52,0,170.14359,205.40076,220.22354,309.86432,0.45782968
349,26,0,358.9688,218.12352,490.2044,357.43225,7.876622
349,44,0,0.31264496,164.83354,126.972275,356.95197,60.51274
349,53,0,332.75183,180.6036,413.37976,356.73837,12.729772
349,50,0,97.366135,173.0523,135.40399,298.13312,38.676918
349,40,0,130.94775,170.69641,156.73672,247.62946,2.0264683
349,54,0,299.7948,214.48834,326.43274,297.2375,4.2417035
349,52,0,170.10846,205.28067,220.18915,308.74796,2.7864065
